THUMB_TIP_x,THUMB_TIP_y,THUMB_TIP_z,INDEX_FINGER_TIP_x,INDEX_FINGER_TIP_y,INDEX_FINGER_TIP_z,MIDDLE_FINGER_TIP_x,MIDDLE_FINGER_TIP_y,MIDDLE_FINGER_TIP_z,RING_FINGER_TIP_x,RING_FINGER_TIP_y,RING_FINGER_TIP_z,PINKY_TIP_x,PINKY_TIP_y,PINKY_TIP_z,WRIST_x,WRIST_y,WRIST_z,gesture_class
0.5590687990188599,0.7595983147621155,-0.06837976723909378,0.533078134059906,0.4823368787765503,-0.06740511208772659,0.45858171582221985,0.37062591314315796,-0.06086920574307442,0.395229697227478,0.364048570394516,-0.06047849729657173,0.3103681802749634,0.4112415015697479,-0.054889023303985596,0.24784564971923828,0.8887566328048706,6.761126769561088e-07,0
0.5551210045814514,0.7464885711669922,-0.0646914392709732,0.5328229069709778,0.48031747341156006,-0.06932958215475082,0.4605658948421478,0.36939433217048645,-0.06364905834197998,0.39872923493385315,0.36471739411354065,-0.06442024558782578,0.3112441301345825,0.4127331078052521,-0.05940723046660423,0.24950402975082397,0.8893932700157166,6.520605779769539e-07,0
0.5459995269775391,0.7366970777511597,-0.06347451359033585,0.5216692686080933,0.4693076014518738,-0.06920650601387024,0.44943225383758545,0.36506375670433044,-0.06342795491218567,0.384956032037735,0.36057913303375244,-0.06207649037241936,0.3003273606300354,0.4117605984210968,-0.05649781599640846,0.24025613069534302,0.8824290633201599,6.451547278629732e-07,0
0.5283428430557251,0.7144899964332581,-0.06653672456741333,0.5058075189590454,0.46210822463035583,-0.06662299484014511,0.43452978134155273,0.3538684844970703,-0.062314409762620926,0.37030014395713806,0.34719157218933105,-0.06299110502004623,0.28536903858184814,0.40088990330696106,-0.05746138468384743,0.2336474508047104,0.8728036880493164,6.625879223065567e-07,0
0.5302520990371704,0.7036720514297485,-0.08154192566871643,0.5010815858840942,0.45981064438819885,-0.0817229226231575,0.42949315905570984,0.3530862033367157,-0.0707339197397232,0.36924833059310913,0.346849262714386,-0.06634332239627838,0.2835621237754822,0.39751794934272766,-0.05866353586316109,0.23281115293502808,0.8605337142944336,6.659726068392047e-07,0
0.5208731293678284,0.6907235383987427,-0.06876804679632187,0.4916864037513733,0.4540937542915344,-0.0719890221953392,0.4201028347015381,0.3497163653373718,-0.06515996158123016,0.3607020080089569,0.3467285931110382,-0.06344974786043167,0.27596256136894226,0.3932309150695801,-0.05692078173160553,0.22625026106834412,0.8519691228866577,6.296782544268353e-07,0
0.5217556953430176,0.6895872354507446,-0.06728728115558624,0.4926685690879822,0.45599251985549927,-0.07336824387311935,0.4167112410068512,0.34692883491516113,-0.06557296961545944,0.3619474172592163,0.3410473167896271,-0.06447423994541168,0.27493345737457275,0.39275887608528137,-0.05809619277715683,0.22871527075767517,0.8537612557411194,6.147013777990651e-07,0
0.5218846797943115,0.7216500639915466,-0.07094931602478027,0.5106145143508911,0.4696454405784607,-0.07166684418916702,0.4501071572303772,0.361334890127182,-0.06402666866779327,0.3867952823638916,0.35027754306793213,-0.061819516122341156,0.30228304862976074,0.3921217918395996,-0.05571993812918663,0.22829779982566833,0.8506391644477844,6.490238888545719e-07,0
0.5242540836334229,0.77229905128479,-0.07103224843740463,0.5264877080917358,0.5002612471580505,-0.07300245016813278,0.4713723957538605,0.3764832317829132,-0.06631670147180557,0.4047701358795166,0.35841622948646545,-0.06752655655145645,0.3124721646308899,0.3920884132385254,-0.06021019443869591,0.21722590923309326,0.8510552644729614,7.195483249233803e-07,0
0.5240662693977356,0.7628419995307922,-0.06819342076778412,0.5222514271736145,0.492992103099823,-0.07107178121805191,0.4632548689842224,0.3764782249927521,-0.06762513518333435,0.39694860577583313,0.3593917191028595,-0.06838518381118774,0.3083377480506897,0.39753010869026184,-0.06297333538532257,0.21816155314445496,0.8573532700538635,6.658335109932523e-07,0
0.5219110250473022,0.7086097002029419,-0.0789678618311882,0.4964931607246399,0.45623043179512024,-0.07883763313293457,0.41783198714256287,0.35232293605804443,-0.0736706480383873,0.35026222467422485,0.34766408801078796,-0.07178284227848053,0.26384902000427246,0.40312591195106506,-0.06703122705221176,0.2270406186580658,0.8741389513015747,6.467663524745149e-07,0
0.513771653175354,0.6752797961235046,-0.07414717227220535,0.47614946961402893,0.42552003264427185,-0.08204889297485352,0.3856562077999115,0.32935529947280884,-0.07651907950639725,0.3188149929046631,0.3444755971431732,-0.07231055945158005,0.23698553442955017,0.40943682193756104,-0.06797252595424652,0.23549149930477142,0.8770707845687866,5.901527515561611e-07,0
0.5130460858345032,0.6458480358123779,-0.06835482269525528,0.45385485887527466,0.4023839831352234,-0.08062587678432465,0.36703988909721375,0.2974967062473297,-0.07519690692424774,0.2907814383506775,0.32969915866851807,-0.0733753889799118,0.21483610570430756,0.4070083796977997,-0.06925684958696365,0.23880161345005035,0.8721978068351746,6.338342473100056e-07,0
0.5204595923423767,0.6831536293029785,-0.08378475159406662,0.4922395944595337,0.44618937373161316,-0.08509287238121033,0.4202216863632202,0.351576030254364,-0.07387521117925644,0.36700332164764404,0.34244856238365173,-0.07112405449151993,0.2781459391117096,0.40755146741867065,-0.06106649339199066,0.2399689108133316,0.8759546875953674,5.914049552302458e-07,0
0.5231293439865112,0.6794101595878601,-0.07259658724069595,0.5001907348632812,0.45360296964645386,-0.07144194841384888,0.43454092741012573,0.36337950825691223,-0.0630139410495758,0.37369921803474426,0.3547136187553406,-0.062296293675899506,0.28522932529449463,0.4121863543987274,-0.05818628892302513,0.2410074770450592,0.8746333122253418,6.316335543488094e-07,0
0.5224988460540771,0.6774365305900574,-0.0664064958691597,0.5036426186561584,0.45374900102615356,-0.07024242728948593,0.44139185547828674,0.36544492840766907,-0.06658349931240082,0.3841724991798401,0.3588583767414093,-0.06619199365377426,0.2955668270587921,0.41352033615112305,-0.06190541014075279,0.2412128746509552,0.875328004360199,6.278801834014303e-07,0
0.5092985033988953,0.6525778770446777,-0.059594862163066864,0.5027399063110352,0.4494859576225281,-0.07044953852891922,0.4469311833381653,0.3670441210269928,-0.06476699560880661,0.38654619455337524,0.36285075545310974,-0.06409583240747452,0.2981049418449402,0.41520264744758606,-0.0607951357960701,0.24154412746429443,0.8789321184158325,5.933783313594176e-07,0
0.4935358166694641,0.6334934234619141,-0.03859807923436165,0.5000211000442505,0.4473113417625427,-0.05590366572141647,0.44647157192230225,0.36527007818222046,-0.05235617607831955,0.3871074318885803,0.3608756959438324,-0.054870590567588806,0.3035553991794586,0.4143138527870178,-0.05273744463920593,0.24392177164554596,0.8821731805801392,5.311805466590158e-07,0
0.4861624240875244,0.6364007592201233,-0.03178953006863594,0.49885666370391846,0.4473564028739929,-0.04964819923043251,0.4443052113056183,0.3662059009075165,-0.04514700919389725,0.3860151469707489,0.35976943373680115,-0.04822596162557602,0.30469685792922974,0.41446733474731445,-0.04463335871696472,0.24179533123970032,0.8825169801712036,5.202127795200795e-07,0
0.4875924587249756,0.6399267911911011,-0.04022248089313507,0.5010360479354858,0.44825559854507446,-0.05794390290975571,0.442190945148468,0.3657013773918152,-0.052140384912490845,0.38344722986221313,0.3618273437023163,-0.05284633859992027,0.3043432831764221,0.41475486755371094,-0.049462974071502686,0.24051648378372192,0.8828312158584595,5.163274181541055e-07,0
0.4871237277984619,0.6372982263565063,-0.035691265016794205,0.5034472942352295,0.4525142312049866,-0.05348125845193863,0.44317981600761414,0.3649084270000458,-0.04984826594591141,0.38377103209495544,0.3587685227394104,-0.05274009704589844,0.3035896122455597,0.41647911071777344,-0.04992222785949707,0.24362584948539734,0.8841689825057983,5.293127856020874e-07,0
0.49112802743911743,0.6382384896278381,-0.035950157791376114,0.504968523979187,0.4523414969444275,-0.05255371704697609,0.4427315890789032,0.36430811882019043,-0.048305679112672806,0.3827674984931946,0.3600331246852875,-0.050211548805236816,0.30234473943710327,0.4150390923023224,-0.04686916992068291,0.2412443459033966,0.8830790519714355,5.43536032182601e-07,0
0.48660194873809814,0.6463372111320496,-0.035262331366539,0.505061149597168,0.45349758863449097,-0.05415041744709015,0.44894877076148987,0.37254205346107483,-0.050740987062454224,0.390994131565094,0.36815011501312256,-0.05341648682951927,0.3140369951725006,0.42333829402923584,-0.05015168711543083,0.2413756251335144,0.8860355615615845,5.223632797424216e-07,0
0.48911547660827637,0.6337941288948059,-0.03803931549191475,0.5040723085403442,0.4570991098880768,-0.052653975784778595,0.44948139786720276,0.3748953342437744,-0.04839791730046272,0.3911895751953125,0.3691386282444,-0.04996754601597786,0.3204171061515808,0.42254307866096497,-0.046964045614004135,0.24143482744693756,0.884535014629364,5.199059387450689e-07,0
0.4907267689704895,0.6332824230194092,-0.03327060490846634,0.49612367153167725,0.45137476921081543,-0.048008691519498825,0.4481852054595947,0.3729151785373688,-0.04525049403309822,0.39171403646469116,0.36596041917800903,-0.04841342195868492,0.32409122586250305,0.42530399560928345,-0.045632168650627136,0.2435016632080078,0.8844301104545593,5.035133767705702e-07,0
0.4887809157371521,0.6273936033248901,-0.03430170565843582,0.49281567335128784,0.4507116675376892,-0.04908880963921547,0.44469186663627625,0.371808260679245,-0.04498252272605896,0.39276301860809326,0.3669596016407013,-0.04713347554206848,0.3273393213748932,0.42469727993011475,-0.04393494501709938,0.24631841480731964,0.8825526833534241,4.708589358415338e-07,0
0.48857060074806213,0.6299626231193542,-0.0352894552052021,0.4876267910003662,0.448857843875885,-0.05352761596441269,0.44072383642196655,0.3682222068309784,-0.05269067361950874,0.39140912890434265,0.3660705089569092,-0.055192600935697556,0.327460914850235,0.4318352937698364,-0.05342233180999756,0.24881096184253693,0.8865453004837036,4.6268598907772684e-07,0
0.49464425444602966,0.6302576065063477,-0.03302597999572754,0.4799693822860718,0.44632652401924133,-0.04465293139219284,0.4382323920726776,0.3682827949523926,-0.04796982929110527,0.39432618021965027,0.36909547448158264,-0.055147185921669006,0.332662433385849,0.44203078746795654,-0.052511733025312424,0.2453376203775406,0.8833863735198975,4.550622918486624e-07,0
0.4905727803707123,0.630124568939209,-0.033381544053554535,0.48340582847595215,0.44741541147232056,-0.051170509308576584,0.4442184269428253,0.3705478310585022,-0.05315721407532692,0.3968072235584259,0.3669339120388031,-0.060540821403265,0.33241578936576843,0.4426163136959076,-0.060542769730091095,0.24756944179534912,0.884030818939209,4.522964616171521e-07,0
0.48481667041778564,0.6334313154220581,-0.027178067713975906,0.48068541288375854,0.44966113567352295,-0.0482214093208313,0.4433705508708954,0.37074634432792664,-0.050331730395555496,0.3941829800605774,0.37200385332107544,-0.05637933686375618,0.33285805583000183,0.4449325203895569,-0.05561039596796036,0.24996018409729004,0.8867767453193665,4.185177715498867e-07,0
0.46272575855255127,0.6206861734390259,-0.014027725905179977,0.46206724643707275,0.4475773870944977,-0.02699572779238224,0.44171053171157837,0.3823622167110443,-0.03347772732377052,0.40715789794921875,0.3836556673049927,-0.04404931887984276,0.34071406722068787,0.44755205512046814,-0.04697215557098389,0.2531834542751312,0.8942081928253174,3.1697129543317715e-07,0
0.46115657687187195,0.6245200037956238,-0.010214081965386868,0.4587400555610657,0.4488814175128937,-0.025751300156116486,0.43782490491867065,0.3823574185371399,-0.031283505260944366,0.4050086438655853,0.3864305913448334,-0.041728463023900986,0.3418409526348114,0.446810781955719,-0.04486796259880066,0.2543798089027405,0.8919933438301086,3.2033563002187293e-07,0
0.46445122361183167,0.6225107312202454,-0.015096321702003479,0.45756974816322327,0.44949185848236084,-0.031652264297008514,0.4360458254814148,0.3823627233505249,-0.034640833735466,0.40381038188934326,0.387807697057724,-0.04406903311610222,0.34185537695884705,0.45054054260253906,-0.04655379429459572,0.253138929605484,0.8907380104064941,3.441174101226352e-07,0
0.4617024064064026,0.6174265742301941,-0.016761763021349907,0.4581027626991272,0.4503546357154846,-0.03160731494426727,0.4371737539768219,0.38467589020729065,-0.035451147705316544,0.4021604657173157,0.3890080451965332,-0.043597184121608734,0.3392128348350525,0.44755902886390686,-0.046152934432029724,0.24923399090766907,0.8889375925064087,3.6018784044244967e-07,0
0.46405816078186035,0.6155893802642822,-0.016065465286374092,0.4562233090400696,0.4503738284111023,-0.028284765779972076,0.4334331154823303,0.3820705711841583,-0.03277866542339325,0.4020956754684448,0.3877507448196411,-0.042203500866889954,0.3387600779533386,0.4468787908554077,-0.04408349469304085,0.24802455306053162,0.8872263431549072,3.614433126131189e-07,0
0.4645558297634125,0.6168739795684814,-0.013701791875064373,0.4587237536907196,0.44998323917388916,-0.025644857436418533,0.4365156292915344,0.3856128752231598,-0.029270188882946968,0.402400940656662,0.390316367149353,-0.03796440735459328,0.3389212191104889,0.44821029901504517,-0.0389501191675663,0.24776405096054077,0.8876683712005615,3.596268243200029e-07,0
0.45956024527549744,0.6156420111656189,-0.014236213639378548,0.4567115902900696,0.4466002881526947,-0.02817636914551258,0.43459653854370117,0.38157591223716736,-0.030415354296565056,0.39977577328681946,0.38640812039375305,-0.037345174700021744,0.33583396673202515,0.4447781443595886,-0.039462681859731674,0.2467518448829651,0.8893285989761353,3.664576695427968e-07,0
0.4587186276912689,0.6018592119216919,-0.016937069594860077,0.4542427361011505,0.4422035813331604,-0.026199299842119217,0.4323461651802063,0.37715208530426025,-0.028119787573814392,0.3968767523765564,0.3839528262615204,-0.03504737466573715,0.33325856924057007,0.43896737694740295,-0.03671431168913841,0.24334397912025452,0.8856605887413025,3.847045206839539e-07,0
0.4656252861022949,0.5924921035766602,-0.026755914092063904,0.4562263786792755,0.43337056040763855,-0.03499289229512215,0.43471166491508484,0.3671472668647766,-0.03596607968211174,0.39730411767959595,0.373516708612442,-0.04143095761537552,0.3336094319820404,0.4278740882873535,-0.04188486561179161,0.24883601069450378,0.8764728307723999,4.243980811224901e-07,0
0.4985405504703522,0.620734453201294,-0.03961212560534477,0.49076178669929504,0.4447926878929138,-0.04831638187170029,0.43294650316238403,0.35944244265556335,-0.04329071193933487,0.3784458339214325,0.35381370782852173,-0.04383597522974014,0.30825158953666687,0.4096800684928894,-0.0393134169280529,0.2430305778980255,0.8704989552497864,5.558986799769627e-07,0
0.4979588985443115,0.6282825469970703,-0.04746127873659134,0.4899137318134308,0.43987780809402466,-0.0588713139295578,0.4330902695655823,0.3538821339607239,-0.05616911128163338,0.3785784840583801,0.35065561532974243,-0.05658381059765816,0.30032023787498474,0.4070674180984497,-0.05287284404039383,0.24140599370002747,0.8697072267532349,5.136728304933058e-07,0
0.49949154257774353,0.6398343443870544,-0.0528416745364666,0.49787455797195435,0.44742077589035034,-0.06765808910131454,0.4243934452533722,0.34726738929748535,-0.06368941068649292,0.36933496594429016,0.3425091803073883,-0.06545782834291458,0.27591413259506226,0.4002224802970886,-0.06267358362674713,0.2355916053056717,0.8676521182060242,5.351560048438841e-07,0
0.4954516291618347,0.6394936442375183,-0.05624806508421898,0.4939950108528137,0.4423811435699463,-0.06858556717634201,0.4169114828109741,0.3431767523288727,-0.06546012312173843,0.3613048195838928,0.33947518467903137,-0.06785106658935547,0.2663852572441101,0.3974461555480957,-0.06586766242980957,0.23049451410770416,0.8691507577896118,5.235930871094752e-07,0
0.49200791120529175,0.642056941986084,-0.05978989973664284,0.49149906635284424,0.4380847215652466,-0.07509337365627289,0.4132590889930725,0.3425233066082001,-0.0746694803237915,0.35763120651245117,0.3401049077510834,-0.07689553499221802,0.2618028521537781,0.3999176621437073,-0.07509235292673111,0.23013392090797424,0.8682806491851807,5.250662411526719e-07,0
0.49051225185394287,0.6384821534156799,-0.06278270483016968,0.4857543706893921,0.43441423773765564,-0.07558297365903854,0.4072951674461365,0.3361400365829468,-0.07185891270637512,0.3502870202064514,0.33744513988494873,-0.07260627299547195,0.25378960371017456,0.39908522367477417,-0.06909745186567307,0.2221255600452423,0.863059937953949,5.579248067988374e-07,0
0.4897305965423584,0.6352236866950989,-0.059543658047914505,0.4832950532436371,0.4305102825164795,-0.07406970858573914,0.40484485030174255,0.3369881212711334,-0.07259957492351532,0.34572240710258484,0.3348744213581085,-0.0750272125005722,0.24969828128814697,0.3974513113498688,-0.07262860238552094,0.22059661149978638,0.8650978803634644,5.271172653920075e-07,0
0.49126845598220825,0.6380062103271484,-0.0619843453168869,0.4863434433937073,0.4345265030860901,-0.07700853049755096,0.4072403609752655,0.3340400755405426,-0.07216143608093262,0.34777557849884033,0.33395490050315857,-0.0729159340262413,0.25235962867736816,0.4010542035102844,-0.0695047453045845,0.22352075576782227,0.8665919899940491,5.473872306538397e-07,0
0.4891597628593445,0.6402716636657715,-0.06519559025764465,0.48554325103759766,0.43193402886390686,-0.07973631471395493,0.405303031206131,0.3329883813858032,-0.07610289007425308,0.34607216715812683,0.3332025110721588,-0.07806875556707382,0.24819929897785187,0.3981502652168274,-0.07517177611589432,0.2246210277080536,0.8668528199195862,5.600202257483033e-07,0
0.4562510848045349,0.5900771617889404,-0.03857985883951187,0.46031472086906433,0.5534337162971497,-0.07450732588768005,0.39433059096336365,0.3809998631477356,-0.060729019343853,0.317365825176239,0.3736843466758728,-0.07030528038740158,0.21808584034442902,0.42586326599121094,-0.07038622349500656,0.28427615761756897,0.8440172672271729,3.987394734394911e-07,1
0.46080613136291504,0.5911344885826111,-0.04504987969994545,0.4598314166069031,0.5519232153892517,-0.07815144956111908,0.3959050476551056,0.3827511966228485,-0.06501565128564835,0.31833404302597046,0.37511393427848816,-0.07401870936155319,0.22023791074752808,0.42836833000183105,-0.07425090670585632,0.28570646047592163,0.8433067798614502,4.0756606267677853e-07,1
0.4601794481277466,0.589267373085022,-0.048825860023498535,0.45933985710144043,0.5531699061393738,-0.0796850249171257,0.39471620321273804,0.38012558221817017,-0.06531627476215363,0.318246454000473,0.3758784532546997,-0.07263171672821045,0.21913978457450867,0.4271067976951599,-0.07125207781791687,0.28541356325149536,0.8438422083854675,4.2912847675324883e-07,1
0.4556281864643097,0.5827728509902954,-0.03288574889302254,0.4561706781387329,0.5444095730781555,-0.07061916589736938,0.38595113158226013,0.3620886504650116,-0.06081767752766609,0.31145575642585754,0.34710222482681274,-0.07396689802408218,0.22021549940109253,0.4193514585494995,-0.07340101897716522,0.28613001108169556,0.8433029651641846,3.7490298154807533e-07,1
0.45381611585617065,0.5847431421279907,-0.040693894028663635,0.4520881175994873,0.5388187766075134,-0.07250071316957474,0.38321733474731445,0.3608905076980591,-0.06047173961997032,0.3139316737651825,0.34700480103492737,-0.07060281932353973,0.22063733637332916,0.42158806324005127,-0.06927795708179474,0.28125834465026855,0.8392554521560669,4.2797785226866836e-07,1
0.4508872628211975,0.5850067734718323,-0.0383995957672596,0.45191076397895813,0.5433168411254883,-0.07014091312885284,0.38584065437316895,0.3678632378578186,-0.05513622984290123,0.3228563070297241,0.3642699718475342,-0.06132102385163307,0.2388831079006195,0.42646700143814087,-0.058982592076063156,0.27760523557662964,0.8435289263725281,3.9753081182425376e-07,1
0.4456802308559418,0.579670786857605,-0.04597165063023567,0.44971972703933716,0.5445086359977722,-0.07507974654436111,0.3948444426059723,0.369642436504364,-0.058040861040353775,0.33433622121810913,0.35936611890792847,-0.0630694180727005,0.2590367794036865,0.4265172779560089,-0.05930134654045105,0.2786197066307068,0.8462812900543213,4.582694828059175e-07,1
0.4432060718536377,0.5702953338623047,-0.03600747510790825,0.4494202733039856,0.5409532189369202,-0.06897372007369995,0.3895066976547241,0.36810851097106934,-0.05405019223690033,0.3380562365055084,0.3610796630382538,-0.05861581489443779,0.27730605006217957,0.43210771679878235,-0.05646985396742821,0.28358399868011475,0.8497067093849182,4.3041785602326854e-07,1
0.4401818811893463,0.5657262206077576,-0.03080587647855282,0.4478882849216461,0.5399160981178284,-0.06611306965351105,0.38550475239753723,0.3654351234436035,-0.052510589361190796,0.3412199020385742,0.3602973222732544,-0.05810615420341492,0.2920030653476715,0.43262022733688354,-0.057033684104681015,0.2819637656211853,0.8467446565628052,4.079261088918429e-07,1
0.4389970302581787,0.5639790892601013,-0.028410490602254868,0.4395173192024231,0.5340385437011719,-0.06428106129169464,0.37593522667884827,0.3624054491519928,-0.05634797737002373,0.34456804394721985,0.3644949197769165,-0.06240096315741539,0.2977641820907593,0.43364089727401733,-0.06076382100582123,0.28186801075935364,0.8482356071472168,3.6495325161922665e-07,1
0.43761640787124634,0.563751220703125,-0.028195582330226898,0.4374668300151825,0.530238151550293,-0.06552308052778244,0.37478044629096985,0.36345016956329346,-0.056807179003953934,0.34507331252098083,0.36711108684539795,-0.06107351928949356,0.3000027537345886,0.43580082058906555,-0.057923268526792526,0.2802514135837555,0.8456797003746033,3.5071556681032234e-07,1
0.4376586973667145,0.5624567270278931,-0.028889169916510582,0.43638771772384644,0.5300337076187134,-0.06629817932844162,0.374924898147583,0.3627845346927643,-0.05674406886100769,0.3456321656703949,0.36709854006767273,-0.060341060161590576,0.30218738317489624,0.43379929661750793,-0.0575445182621479,0.2816733717918396,0.8435574769973755,3.590532173802785e-07,1
0.43613994121551514,0.5602641105651855,-0.030121980234980583,0.4342382252216339,0.5276297926902771,-0.06669753789901733,0.3733440041542053,0.3624826669692993,-0.0578622929751873,0.34363651275634766,0.3655003309249878,-0.06305937469005585,0.2984571158885956,0.4322742819786072,-0.06084247678518295,0.28062668442726135,0.8387699127197266,3.635485938957572e-07,1
0.43715929985046387,0.5578246712684631,-0.02958613820374012,0.43459606170654297,0.528057336807251,-0.06570131331682205,0.37275877594947815,0.36502501368522644,-0.05500026047229767,0.3429061472415924,0.36824509501457214,-0.0589502789080143,0.30003228783607483,0.43103164434432983,-0.055468276143074036,0.2844243049621582,0.8363329768180847,3.685844376377645e-07,1
0.4405956566333771,0.5617676973342896,-0.029654739424586296,0.43432995676994324,0.5359866619110107,-0.0638946145772934,0.3758668899536133,0.36763814091682434,-0.05504417046904564,0.3458680212497711,0.3687148690223694,-0.06177724152803421,0.3034839928150177,0.4293736219406128,-0.058957502245903015,0.2855148911476135,0.8373600840568542,3.538447970186098e-07,1
0.4365651309490204,0.567670464515686,-0.034039806574583054,0.43307071924209595,0.5418121814727783,-0.06805378943681717,0.3747762441635132,0.36956697702407837,-0.05553227290511131,0.34588080644607544,0.371690571308136,-0.059845417737960815,0.3033474087715149,0.43160563707351685,-0.05523292347788811,0.28376954793930054,0.8347651362419128,3.629901925705781e-07,1
0.44693708419799805,0.5767819881439209,-0.04152417927980423,0.43545305728912354,0.5400429964065552,-0.06830437481403351,0.378927081823349,0.36301109194755554,-0.05147954076528549,0.33732473850250244,0.3629581034183502,-0.05548985302448273,0.2699097990989685,0.426166296005249,-0.05154959484934807,0.2784292995929718,0.8307175636291504,4.2220563045702875e-07,1
0.45478975772857666,0.5909507274627686,-0.04279164969921112,0.44643259048461914,0.5512470006942749,-0.07415193319320679,0.38342541456222534,0.3606227934360504,-0.057177696377038956,0.3354530334472656,0.3612235188484192,-0.06300494074821472,0.25677651166915894,0.4230205714702606,-0.05985279381275177,0.2837294936180115,0.8421457409858704,4.1086323676609027e-07,1
0.4564710259437561,0.5918900966644287,-0.044513169676065445,0.44900304079055786,0.5538679361343384,-0.07538356631994247,0.38667842745780945,0.36026763916015625,-0.058477383106946945,0.336637407541275,0.3565121591091156,-0.06442379206418991,0.2531528174877167,0.42082706093788147,-0.0599978044629097,0.2822102904319763,0.8430279493331909,4.08073702828915e-07,1
0.4571986198425293,0.5924481749534607,-0.044501226395368576,0.45061197876930237,0.5558575391769409,-0.07572697103023529,0.38731157779693604,0.36234790086746216,-0.05854950100183487,0.33475562930107117,0.3562247157096863,-0.06761730462312698,0.23385563492774963,0.42306989431381226,-0.06619193404912949,0.27995455265045166,0.842599630355835,3.9023944964355906e-07,1
0.45758500695228577,0.6006373763084412,-0.040477801114320755,0.45151859521865845,0.5554262399673462,-0.07567039132118225,0.3864828944206238,0.3636298179626465,-0.061103858053684235,0.32845985889434814,0.3590890169143677,-0.0710618793964386,0.22947204113006592,0.4288114309310913,-0.07078226655721664,0.283945232629776,0.8421730399131775,3.8489088183268905e-07,1
0.45733362436294556,0.5959764719009399,-0.04545027017593384,0.45110568404197693,0.5544933080673218,-0.08062156289815903,0.3890293836593628,0.36208730936050415,-0.06658263504505157,0.3279273211956024,0.3597511351108551,-0.07659067958593369,0.2285078763961792,0.43308913707733154,-0.07615073025226593,0.2869817912578583,0.8420154452323914,4.0247994093078887e-07,1
0.4559450149536133,0.5945124626159668,-0.04120868071913719,0.45041197538375854,0.5515317320823669,-0.07472304254770279,0.3887180984020233,0.3651633560657501,-0.06136145815253258,0.32174059748649597,0.36153849959373474,-0.07097973674535751,0.22687943279743195,0.43150192499160767,-0.07134958356618881,0.28212010860443115,0.8440914154052734,3.9354105751954194e-07,1
0.4555087387561798,0.5957366228103638,-0.04162587597966194,0.449821799993515,0.5512174963951111,-0.07340236753225327,0.39092525839805603,0.37362775206565857,-0.05971689149737358,0.32041165232658386,0.3683730661869049,-0.06812401115894318,0.22133126854896545,0.4322260022163391,-0.06677097827196121,0.277488648891449,0.8420102596282959,4.00293004076957e-07,1
0.45348355174064636,0.5957810878753662,-0.04862508177757263,0.45040738582611084,0.5583316683769226,-0.08567923307418823,0.39673957228660583,0.3828709125518799,-0.07000141590833664,0.32310381531715393,0.3856942653656006,-0.07593011111021042,0.22044996917247772,0.4293243885040283,-0.07427363842725754,0.279073029756546,0.8373663425445557,4.249922085364233e-07,1
0.4515836834907532,0.5966347455978394,-0.04252031818032265,0.4521233141422272,0.5501640439033508,-0.07599245756864548,0.39776766300201416,0.3900899291038513,-0.06361621618270874,0.32548463344573975,0.3909482955932617,-0.07320920377969742,0.2223675549030304,0.43059152364730835,-0.07402884215116501,0.27748286724090576,0.8388195037841797,4.1746926626728964e-07,1
0.450847327709198,0.5932399034500122,-0.040014974772930145,0.4522475004196167,0.5508561134338379,-0.07333603501319885,0.3959580957889557,0.3832935094833374,-0.05617246776819229,0.3250103294849396,0.38307714462280273,-0.06367947906255722,0.221392422914505,0.4383828639984131,-0.06143597513437271,0.2764607071876526,0.8384943008422852,3.953933287448308e-07,1
0.45240360498428345,0.5926990509033203,-0.038704097270965576,0.44949856400489807,0.5489522218704224,-0.06915074586868286,0.39535415172576904,0.3829813599586487,-0.05324317514896393,0.33387017250061035,0.376370370388031,-0.05843612179160118,0.2678631544113159,0.43121278285980225,-0.05690387263894081,0.282584547996521,0.8426855802536011,4.2379497244837694e-07,1
0.4486425518989563,0.5869857668876648,-0.03495480492711067,0.4486125111579895,0.540611207485199,-0.06912030279636383,0.37687546014785767,0.36190661787986755,-0.05785193666815758,0.3395325243473053,0.3669860363006592,-0.06284075975418091,0.2905254662036896,0.4325738847255707,-0.05675064027309418,0.2808458209037781,0.8419675827026367,4.1054499888559803e-07,1
0.4471929371356964,0.576532781124115,-0.02997099608182907,0.4402448236942291,0.5410037040710449,-0.0640997588634491,0.36724036931991577,0.36182934045791626,-0.0575619600713253,0.3380350172519684,0.3689822852611542,-0.06517228484153748,0.29658782482147217,0.4333285689353943,-0.061136677861213684,0.282967746257782,0.8437851071357727,3.6540373571369855e-07,1
0.44781744480133057,0.5777348279953003,-0.03181279078125954,0.43976226449012756,0.542435884475708,-0.0647583156824112,0.369765043258667,0.3658083975315094,-0.05685801804065704,0.3383719325065613,0.36770111322402954,-0.06629202514886856,0.2959379255771637,0.43165063858032227,-0.06290370225906372,0.28134220838546753,0.8422489166259766,3.69536166999751e-07,1
0.4455835819244385,0.5733365416526794,-0.029613103717565536,0.4372986853122711,0.5410531759262085,-0.06124890595674515,0.36690106987953186,0.36356866359710693,-0.054386936128139496,0.3350754380226135,0.3686366379261017,-0.0631362572312355,0.2910923361778259,0.43422865867614746,-0.05941241607069969,0.28071558475494385,0.840915322303772,3.716547780641122e-07,1
0.450926274061203,0.5846589803695679,-0.04011468589305878,0.4441543221473694,0.5526411533355713,-0.07112737745046616,0.37290889024734497,0.3599354922771454,-0.05560227483510971,0.325598806142807,0.36124861240386963,-0.06006975099444389,0.26139435172080994,0.42981070280075073,-0.05548223480582237,0.2762300372123718,0.8401056528091431,4.1898189806488517e-07,1
0.45133277773857117,0.5897058248519897,-0.05085308477282524,0.448241651058197,0.5493781566619873,-0.07988554984331131,0.37289297580718994,0.35955166816711426,-0.06177874282002449,0.3250591456890106,0.36054933071136475,-0.06329722702503204,0.25140997767448425,0.4242010712623596,-0.058029670268297195,0.27373337745666504,0.8402803540229797,4.422254846758733e-07,1
0.45005080103874207,0.5988289713859558,-0.041768331080675125,0.45111164450645447,0.5560755729675293,-0.07184988260269165,0.37522345781326294,0.36154744029045105,-0.058422718197107315,0.3296041488647461,0.36255010962486267,-0.06365489959716797,0.24774473905563354,0.42581987380981445,-0.05956512689590454,0.2771667242050171,0.8463111519813538,4.013734269392444e-07,1
0.4556148052215576,0.5944611430168152,-0.04098876565694809,0.45245829224586487,0.5588271617889404,-0.07318513840436935,0.37676769495010376,0.35854968428611755,-0.058677054941654205,0.33214637637138367,0.3617923855781555,-0.06240185722708702,0.25208109617233276,0.4245092570781708,-0.05655854940414429,0.2800446152687073,0.8450601696968079,4.0230494846582587e-07,1
0.45646530389785767,0.5930016040802002,-0.0475471056997776,0.4543219804763794,0.5539747476577759,-0.0789877250790596,0.37851065397262573,0.35690826177597046,-0.06403517723083496,0.334360808134079,0.36044907569885254,-0.06722933053970337,0.2530815303325653,0.42215973138809204,-0.06230776384472847,0.2762141525745392,0.8440099954605103,4.041477552618744e-07,1
0.4523809254169464,0.5885977149009705,-0.04382403567433357,0.4496467113494873,0.5462865233421326,-0.07448403537273407,0.3812870383262634,0.35944801568984985,-0.05784089118242264,0.3364514410495758,0.3634505271911621,-0.06082794442772865,0.24970319867134094,0.42381322383880615,-0.05645449832081795,0.2754896879196167,0.8437644243240356,4.274220657407568e-07,1
0.44910335540771484,0.5898688435554504,-0.04402298852801323,0.44793230295181274,0.545657753944397,-0.07457085698843002,0.379160076379776,0.3586573004722595,-0.05784935876727104,0.333949476480484,0.3620733320713043,-0.06167002394795418,0.2489580512046814,0.4235933721065521,-0.05800637602806091,0.2755434215068817,0.8438382744789124,4.275448759472056e-07,1
0.4617508053779602,0.6518163084983826,-0.07987705618143082,0.4555498957633972,0.5856437683105469,-0.10007598251104355,0.37801867723464966,0.2875206172466278,-0.07953435182571411,0.2867882251739502,0.2982306480407715,-0.09109655767679214,0.16402319073677063,0.372449666261673,-0.08607526868581772,0.20021921396255493,0.9405144453048706,5.266467724140966e-07,1
0.4498447775840759,0.636110246181488,-0.0702800378203392,0.45438680052757263,0.5801714658737183,-0.09901971369981766,0.3814806342124939,0.27007776498794556,-0.07776279747486115,0.29080459475517273,0.2890002429485321,-0.08758334815502167,0.1761135458946228,0.3669450283050537,-0.08015640825033188,0.2008855938911438,0.9322023391723633,5.107027618578286e-07,1
0.4453757703304291,0.6293135285377502,-0.07623793929815292,0.4461274743080139,0.568131685256958,-0.09471694380044937,0.37024182081222534,0.2818145155906677,-0.07163307070732117,0.28272509574890137,0.2886771857738495,-0.08459065109491348,0.16427910327911377,0.36901965737342834,-0.08067794144153595,0.19605275988578796,0.9270607233047485,4.776319428856368e-07,1
0.43997785449028015,0.6299970746040344,-0.10394566506147385,0.43499064445495605,0.5780906081199646,-0.10944828391075134,0.3603770136833191,0.27773317694664,-0.07638078182935715,0.26804184913635254,0.276509165763855,-0.09163549542427063,0.14474502205848694,0.36280497908592224,-0.0892062559723854,0.18926534056663513,0.936427116394043,5.413780854723882e-07,1
0.45613956451416016,0.6251745223999023,-0.07030140608549118,0.45559990406036377,0.5649446249008179,-0.09123770892620087,0.3688317835330963,0.2791225016117096,-0.07420932501554489,0.271932989358902,0.28572311997413635,-0.08339498937129974,0.17279094457626343,0.3669475317001343,-0.07378613948822021,0.19862431287765503,0.9376094341278076,5.175031674298225e-07,1
0.4497707486152649,0.611113429069519,-0.06801974028348923,0.45385152101516724,0.5547025203704834,-0.0938899889588356,0.381361722946167,0.27716416120529175,-0.07917682081460953,0.30151355266571045,0.28561505675315857,-0.08689146488904953,0.23157542943954468,0.3733661472797394,-0.07735399156808853,0.20608419179916382,0.9347474575042725,5.534667479878408e-07,1
0.43648087978363037,0.5643413662910461,-0.044224951416254044,0.423481822013855,0.5244016647338867,-0.034647561609745026,0.37870270013809204,0.3144632875919342,-0.013645130209624767,0.3356728255748749,0.3185330927371979,-0.03432263806462288,0.2859284579753876,0.36980903148651123,-0.046228572726249695,0.20400691032409668,0.9352473020553589,4.441870657956315e-07,1
0.4320552945137024,0.5704449415206909,-0.04159099981188774,0.4264903962612152,0.5219672918319702,-0.03854728117585182,0.3702657222747803,0.3170657157897949,-0.023217255249619484,0.32815226912498474,0.3209933042526245,-0.038704343140125275,0.266934335231781,0.39087897539138794,-0.04367486760020256,0.20965257287025452,0.9323738217353821,4.586987358834449e-07,1
0.4349295198917389,0.575189471244812,-0.04790983721613884,0.4307645559310913,0.5286767482757568,-0.05727877467870712,0.37563878297805786,0.31070658564567566,-0.03973542898893356,0.32804882526397705,0.32410314679145813,-0.05567019432783127,0.26898372173309326,0.39514416456222534,-0.05753453075885773,0.21159794926643372,0.9285902976989746,5.044877298132633e-07,1
0.4336007237434387,0.5730319619178772,-0.046314314007759094,0.4304361343383789,0.521913468837738,-0.04770782217383385,0.3729998469352722,0.31703945994377136,-0.03423194959759712,0.32734519243240356,0.3250785768032074,-0.053671639412641525,0.2662114202976227,0.39457908272743225,-0.05666540563106537,0.20914725959300995,0.922156572341919,5.030497050029226e-07,1
0.43464386463165283,0.5804578065872192,-0.048426661640405655,0.4244827330112457,0.5291231870651245,-0.05424409359693527,0.3765641152858734,0.31319859623908997,-0.03364156559109688,0.3282293975353241,0.32606014609336853,-0.05098409950733185,0.2665427327156067,0.39808011054992676,-0.05483940616250038,0.20826484262943268,0.9239674210548401,5.077096716377127e-07,1
0.4395509362220764,0.5882995128631592,-0.02602756768465042,0.44053369760513306,0.5215365886688232,-0.031513623893260956,0.3704386055469513,0.325061559677124,-0.025012973695993423,0.325954407453537,0.3281661868095398,-0.04374661296606064,0.2679594159126282,0.39559122920036316,-0.04863165691494942,0.21217025816440582,0.9270319938659668,4.875561785411264e-07,1
0.44493335485458374,0.5994056463241577,-0.0360623300075531,0.4351559281349182,0.5367489457130432,-0.05495382845401764,0.3808038830757141,0.2975938320159912,-0.04273657500743866,0.3326149582862854,0.3196123242378235,-0.057310495525598526,0.2715420722961426,0.38253507018089294,-0.05633552372455597,0.21652989089488983,0.9202580451965332,5.138361416356929e-07,1
0.44214046001434326,0.5910642743110657,-0.0518634095788002,0.4277631640434265,0.5593526363372803,-0.07272367924451828,0.38740941882133484,0.2674463391304016,-0.04410611093044281,0.33157768845558167,0.30194616317749023,-0.051289841532707214,0.2657405734062195,0.3672481179237366,-0.04749399796128273,0.2168789654970169,0.9151182174682617,5.107278298055462e-07,1
0.45298612117767334,0.6164888143539429,-0.044538464397192,0.44406557083129883,0.5640237927436829,-0.07428358495235443,0.37934544682502747,0.25405818223953247,-0.05175308510661125,0.30985793471336365,0.2788446545600891,-0.06369460374116898,0.2498018741607666,0.36127257347106934,-0.05999545753002167,0.21973839402198792,0.915141761302948,5.310587312123971e-07,1
0.47835397720336914,0.6317830681800842,-0.03710193186998367,0.4716503918170929,0.5624961256980896,-0.06522998958826065,0.375160813331604,0.26968082785606384,-0.05284775793552399,0.3215976357460022,0.2721236050128937,-0.06063835695385933,0.26643407344818115,0.34226396679878235,-0.05205829069018364,0.22564275562763214,0.9227869510650635,4.81745075830986e-07,1
0.489906907081604,0.631810188293457,-0.025770120322704315,0.48319071531295776,0.5627142190933228,-0.05470402538776398,0.3779975473880768,0.26095065474510193,-0.04728972539305687,0.3323991298675537,0.2683691680431366,-0.058072529733181,0.281284362077713,0.32954174280166626,-0.051736731082201004,0.23501324653625488,0.9196462631225586,4.839020562030782e-07,1
0.4956304430961609,0.6278906464576721,-0.02966020070016384,0.4824094772338867,0.5637578368186951,-0.04949367791414261,0.3809952139854431,0.2706998586654663,-0.037043508142232895,0.3350141942501068,0.2695521116256714,-0.04962272197008133,0.28252047300338745,0.33662331104278564,-0.045772735029459,0.23457233607769012,0.9241034984588623,4.727331770482124e-07,1
0.49659526348114014,0.6349356770515442,-0.024567382410168648,0.4858253300189972,0.5669016242027283,-0.048910971730947495,0.38359808921813965,0.2705589830875397,-0.03849512338638306,0.34508249163627625,0.26820284128189087,-0.05233496055006981,0.2980816960334778,0.3251204788684845,-0.04874412342905998,0.23304739594459534,0.9209877252578735,4.346046864611708e-07,1
0.49810290336608887,0.632807195186615,-0.027121275663375854,0.48716509342193604,0.56742924451828,-0.05698733031749725,0.3938840329647064,0.2545539140701294,-0.04702933132648468,0.35242554545402527,0.2625300884246826,-0.059161312878131866,0.30570802092552185,0.32232949137687683,-0.05409081652760506,0.23511666059494019,0.922175943851471,4.6378056595131056e-07,1
0.49819010496139526,0.6368167996406555,-0.028019564226269722,0.4857051968574524,0.5681163668632507,-0.05509039759635925,0.3888143301010132,0.26892951130867004,-0.04645182192325592,0.3468532860279083,0.27283138036727905,-0.05768778920173645,0.29206275939941406,0.3398190438747406,-0.0532417893409729,0.23133984208106995,0.9257485866546631,4.1978131548603415e-07,1
0.49534478783607483,0.6359511017799377,-0.03010544367134571,0.48283326625823975,0.5772836208343506,-0.056761931627988815,0.38451460003852844,0.27044644951820374,-0.04542907699942589,0.3415432572364807,0.28063490986824036,-0.052856869995594025,0.28709009289741516,0.3462343215942383,-0.04706033319234848,0.23364952206611633,0.9340636134147644,4.391518473312317e-07,1
0.49725985527038574,0.6410261988639832,-0.039152223616838455,0.48355230689048767,0.5778594017028809,-0.06278715282678604,0.3922762870788574,0.2537165582180023,-0.05185653641819954,0.34478357434272766,0.26965606212615967,-0.06194858253002167,0.29558318853378296,0.33476996421813965,-0.05703476816415787,0.23111552000045776,0.9295041561126709,5.032658236814314e-07,1
0.4969196021556854,0.6467563509941101,-0.03479859605431557,0.4838307499885559,0.5790123343467712,-0.06340758502483368,0.39205142855644226,0.25099682807922363,-0.052890148013830185,0.34437689185142517,0.2740429639816284,-0.060542088001966476,0.2898733615875244,0.34375447034835815,-0.05298180133104324,0.2285822033882141,0.9348505735397339,4.917895353173662e-07,1
0.4951138496398926,0.6461249589920044,-0.03302478417754173,0.48142415285110474,0.5813028812408447,-0.05788201093673706,0.3852381408214569,0.2770389914512634,-0.04418385028839111,0.3399152457714081,0.28165730834007263,-0.05310087278485298,0.28360795974731445,0.3537043333053589,-0.04760356992483139,0.22748902440071106,0.939787745475769,4.421625590111944e-07,1
0.4947832226753235,0.6453348994255066,-0.03366269916296005,0.48131734132766724,0.5787125825881958,-0.06051374599337578,0.3911798596382141,0.24837559461593628,-0.04900867119431496,0.344294011592865,0.26980316638946533,-0.05804908648133278,0.29096198081970215,0.34110769629478455,-0.051310062408447266,0.23156526684761047,0.9363369941711426,5.231871682553901e-07,1
0.48630568385124207,0.6600176095962524,-0.027258040383458138,0.4746319651603699,0.5847151875495911,-0.05887039378285408,0.39649301767349243,0.25109073519706726,-0.04961448907852173,0.35104072093963623,0.26353877782821655,-0.06293907761573792,0.305968701839447,0.3251512348651886,-0.05816371366381645,0.23017893731594086,0.9291952848434448,4.4592258063858026e-07,1
0.48595455288887024,0.6523687243461609,-0.030426638200879097,0.47366535663604736,0.5709890127182007,-0.06150886416435242,0.3858951926231384,0.2650904655456543,-0.052100080996751785,0.33734285831451416,0.2799198031425476,-0.06102914363145828,0.2813527584075928,0.35315969586372375,-0.0529097318649292,0.2291378378868103,0.9303665161132812,4.379078006877535e-07,1
0.4850464463233948,0.65628981590271,-0.023715194314718246,0.4744594395160675,0.5660642385482788,-0.04823606088757515,0.38566941022872925,0.2797558605670929,-0.035252995789051056,0.3381771445274353,0.2804705798625946,-0.05008089914917946,0.2868390381336212,0.34569379687309265,-0.05001166835427284,0.22614501416683197,0.9307559728622437,4.483353279738367e-07,1
0.4803348779678345,0.6391569375991821,-0.021101972088217735,0.4724021553993225,0.5619324445724487,-0.04098784178495407,0.3754464089870453,0.29196658730506897,-0.02579537406563759,0.3336346447467804,0.28219276666641235,-0.03959721326828003,0.282501220703125,0.3443414866924286,-0.040188949555158615,0.23012524843215942,0.9289214611053467,4.217649234306009e-07,1
0.4840911030769348,0.6387555003166199,-0.032859526574611664,0.4715278744697571,0.5686390995979309,-0.06223776936531067,0.3808514475822449,0.2746073305606842,-0.049109674990177155,0.3368198275566101,0.28288885951042175,-0.06059259548783302,0.2834499180316925,0.351228266954422,-0.05607558414340019,0.23141339421272278,0.9207736849784851,4.4601577542380255e-07,1
0.4852159917354584,0.6472567915916443,-0.02284156158566475,0.473886102437973,0.5651896595954895,-0.052885036915540695,0.38086023926734924,0.2898254096508026,-0.038768939673900604,0.33981645107269287,0.28234338760375977,-0.05041449889540672,0.2874482572078705,0.3467065393924713,-0.048752378672361374,0.22740322351455688,0.928662896156311,4.111030307285546e-07,1
0.4795093536376953,0.6294901371002197,-0.028348982334136963,0.4715503454208374,0.5578831434249878,-0.04307149350643158,0.37127846479415894,0.29072248935699463,-0.025110557675361633,0.33384233713150024,0.28560638427734375,-0.03705677017569542,0.28332290053367615,0.3466004431247711,-0.03795325383543968,0.22838623821735382,0.9245413541793823,4.520806271557376e-07,1
0.4742659330368042,0.6569312214851379,-0.00963668990880251,0.4659782648086548,0.5688278079032898,-0.04115741327404976,0.3784748911857605,0.29180338978767395,-0.023096390068531036,0.33674806356430054,0.28651395440101624,-0.03755904361605644,0.28665000200271606,0.34442242980003357,-0.04078192636370659,0.2261386513710022,0.926347017288208,3.9389630046571256e-07,1
0.4771105647087097,0.6235536932945251,-0.024958353489637375,0.46672189235687256,0.5510795712471008,-0.0430721752345562,0.3719925284385681,0.2894614040851593,-0.029325859621167183,0.3335690200328827,0.2876785397529602,-0.04176020249724388,0.2808733582496643,0.34911486506462097,-0.04172016680240631,0.22859066724777222,0.9252976179122925,4.3740044475271134e-07,1
0.4765791594982147,0.6160410046577454,-0.025830430909991264,0.46488821506500244,0.5492533445358276,-0.048112962394952774,0.37899425625801086,0.26367202401161194,-0.034824855625629425,0.3246101438999176,0.28659364581108093,-0.047865889966487885,0.2668173313140869,0.3632247745990753,-0.04384499415755272,0.23264086246490479,0.9275287389755249,5.276093020256667e-07,1
0.4682549238204956,0.6133843660354614,-0.030506370589137077,0.4671892821788788,0.5520031452178955,-0.05715914070606232,0.3727886378765106,0.2750241756439209,-0.041373711079359055,0.3224399983882904,0.29022541642189026,-0.04751807078719139,0.2565913498401642,0.37045177817344666,-0.0396888330578804,0.22638894617557526,0.9312425851821899,4.6668350250911317e-07,1
0.46998143196105957,0.596138596534729,-0.032763611525297165,0.4583442807197571,0.549680769443512,-0.05724199488759041,0.38012582063674927,0.285610169172287,-0.04241982102394104,0.3204653263092041,0.3003777861595154,-0.050497472286224365,0.2428266704082489,0.37087282538414,-0.044552724808454514,0.224106103181839,0.929623007774353,4.7536113356727583e-07,1
0.47200077772140503,0.5878516435623169,-0.047829534858465195,0.46550804376602173,0.5406022071838379,-0.07222944498062134,0.38537317514419556,0.2621442675590515,-0.059167273342609406,0.31931576132774353,0.2988448441028595,-0.0639500617980957,0.22430357336997986,0.3706381618976593,-0.055508337914943695,0.2250555157661438,0.9240981936454773,5.717755584555562e-07,1
0.4606340527534485,0.5805930495262146,-0.03752264007925987,0.4662235379219055,0.528205394744873,-0.05929756164550781,0.3840312957763672,0.2863727807998657,-0.044736091047525406,0.3183564245700836,0.306747704744339,-0.05197237432003021,0.2151160091161728,0.37258702516555786,-0.04604629427194595,0.22075802087783813,0.9232807755470276,5.675088914358639e-07,1
0.45593130588531494,0.5740547180175781,-0.050078779458999634,0.46756091713905334,0.5037450194358826,-0.061430901288986206,0.3809683918952942,0.2626726031303406,-0.04599121958017349,0.31707191467285156,0.31062397360801697,-0.050515979528427124,0.21233077347278595,0.3736600875854492,-0.04096728563308716,0.2157576084136963,0.9173686504364014,6.67054280256707e-07,1
0.4512391984462738,0.567481279373169,-0.047825396060943604,0.45259803533554077,0.5077170133590698,-0.04275940731167793,0.3736020028591156,0.31005340814590454,-0.023523537442088127,0.30664321780204773,0.3137451410293579,-0.035291433334350586,0.20265911519527435,0.37461456656455994,-0.03413255512714386,0.20838585495948792,0.9127181768417358,5.695210347766988e-07,1
0.4427558183670044,0.562815248966217,-0.060690924525260925,0.44021573662757874,0.5140597224235535,-0.048617709428071976,0.36766675114631653,0.3007054924964905,-0.027279507368803024,0.29990559816360474,0.3111996352672577,-0.04298071935772896,0.19537292420864105,0.3804151117801666,-0.04384083300828934,0.2067219316959381,0.9134718179702759,6.423268814614858e-07,1
0.4442775845527649,0.5691855549812317,-0.049058664590120316,0.44812703132629395,0.507999062538147,-0.05241062119603157,0.3622526526451111,0.3056938648223877,-0.03835887461900711,0.2953837513923645,0.31635788083076477,-0.049052007496356964,0.1915799081325531,0.3787362575531006,-0.047511935234069824,0.20716062188148499,0.9113147854804993,6.07396714258357e-07,1
0.44728511571884155,0.5844096541404724,-0.05661947652697563,0.4620063304901123,0.5144908428192139,-0.06720507144927979,0.36476030945777893,0.2986694872379303,-0.05176069214940071,0.29324057698249817,0.31103119254112244,-0.06353247910737991,0.18389156460762024,0.3832458257675171,-0.06259774416685104,0.21285399794578552,0.914161205291748,6.532335419251467e-07,1
0.4533247947692871,0.5747592449188232,-0.0542091466486454,0.46715691685676575,0.5038341283798218,-0.0625806376338005,0.37138497829437256,0.2827615737915039,-0.0453488714993,0.296272337436676,0.3016330599784851,-0.05385971814393997,0.19087377190589905,0.3711203932762146,-0.04954538866877556,0.21155445277690887,0.9082869291305542,6.884587264721631e-07,1
0.46840915083885193,0.5679960250854492,-0.036242030560970306,0.48606646060943604,0.5037656426429749,-0.07207737863063812,0.39215701818466187,0.22731125354766846,-0.0599224753677845,0.32424241304397583,0.28132572770118713,-0.0675305724143982,0.21862797439098358,0.3544098138809204,-0.056253258138895035,0.2325197011232376,0.8848764300346375,6.708808655275789e-07,1
0.484010249376297,0.5584975481033325,-0.02958577126264572,0.4977670907974243,0.5048765540122986,-0.055044207721948624,0.40116751194000244,0.27081015706062317,-0.04557337611913681,0.33752137422561646,0.2637368142604828,-0.05992532894015312,0.22026610374450684,0.3302083909511566,-0.05719681829214096,0.23888453841209412,0.8825622797012329,4.815346983377822e-07,1
0.4840105473995209,0.5683993101119995,-0.029805701225996017,0.5005470514297485,0.511864423751831,-0.055133894085884094,0.40011394023895264,0.27458953857421875,-0.04571816325187683,0.33431825041770935,0.2710008919239044,-0.06218496337532997,0.2127668261528015,0.3437095284461975,-0.06044790893793106,0.24521930515766144,0.8848400115966797,4.994334972252545e-07,1
0.49328988790512085,0.5735514163970947,-0.04132330045104027,0.5012510418891907,0.5189740657806396,-0.06118519604206085,0.40551844239234924,0.28169628977775574,-0.05044284090399742,0.3442593514919281,0.27657952904701233,-0.06594733148813248,0.22679220139980316,0.3432002663612366,-0.06469277292490005,0.24817639589309692,0.8868077993392944,4.97863481996319e-07,1
0.4746180772781372,0.6028924584388733,-0.031074125319719315,0.48308807611465454,0.5374638438224792,-0.06414241343736649,0.3973810076713562,0.28218138217926025,-0.05431515723466873,0.33417463302612305,0.2939516603946686,-0.07122840732336044,0.20147579908370972,0.35943999886512756,-0.06735914200544357,0.22805237770080566,0.9080167412757874,4.778412971973012e-07,1
0.44485923647880554,0.6036055088043213,-0.05718950554728508,0.4493660032749176,0.5484194159507751,-0.07270759344100952,0.3665611147880554,0.3100935220718384,-0.05013560876250267,0.2951395511627197,0.30550616979599,-0.0669620931148529,0.16944211721420288,0.3722863495349884,-0.0675358772277832,0.20361927151679993,0.9305607080459595,5.218578849053301e-07,1
0.4423959255218506,0.6195480823516846,-0.06396765261888504,0.44841068983078003,0.5546629428863525,-0.08599397540092468,0.36400067806243896,0.2846863865852356,-0.07013624161481857,0.2900668680667877,0.30196383595466614,-0.08337484300136566,0.1593007892370224,0.3721475899219513,-0.07934363931417465,0.19833040237426758,0.9319355487823486,5.889284011573181e-07,1
0.419731080532074,0.6006402373313904,-0.06593393534421921,0.41594773530960083,0.5398146510124207,-0.06487470120191574,0.34575966000556946,0.308528333902359,-0.037810444831848145,0.27591630816459656,0.30346986651420593,-0.05781661346554756,0.1435387134552002,0.37163400650024414,-0.06187305971980095,0.17500707507133484,0.9336827993392944,5.148471018401324e-07,1
0.5045095682144165,0.6814500093460083,-0.057570505887269974,0.4684543013572693,0.39818963408470154,-0.07749905437231064,0.35017096996307373,0.2798103094100952,-0.07636424154043198,0.25517475605010986,0.27592822909355164,-0.0887727439403534,0.13853009045124054,0.36569902300834656,-0.089936263859272,0.19223913550376892,0.9067628383636475,6.88780573909753e-07,0
0.49226677417755127,0.6541695594787598,-0.06656360626220703,0.4615350663661957,0.38224276900291443,-0.08612615615129471,0.3548496961593628,0.25513312220573425,-0.08177962154150009,0.2558935582637787,0.2648943364620209,-0.0891435518860817,0.13783693313598633,0.3509542942047119,-0.08773103356361389,0.1904563009738922,0.8774901628494263,7.506048973482393e-07,0
0.4986875057220459,0.6253573298454285,-0.07895485311746597,0.45399779081344604,0.3711411952972412,-0.09832736849784851,0.35299283266067505,0.2448156177997589,-0.09194240719079971,0.2551584243774414,0.2541026771068573,-0.09587246924638748,0.13805055618286133,0.33874252438545227,-0.09174006432294846,0.18146775662899017,0.8567171692848206,7.208093393273884e-07,0
0.4814774990081787,0.6302525401115417,-0.08164195716381073,0.43354618549346924,0.3725815415382385,-0.09683281928300858,0.33435577154159546,0.26786428689956665,-0.09112310409545898,0.23496505618095398,0.2650890350341797,-0.0959523469209671,0.12233619391918182,0.34788405895233154,-0.09375988692045212,0.16451892256736755,0.8626958131790161,6.83649659549701e-07,0
0.48483067750930786,0.6180553436279297,-0.075009286403656,0.429221510887146,0.36604732275009155,-0.081842802464962,0.3283854126930237,0.2525152564048767,-0.07148992270231247,0.23178674280643463,0.2491990327835083,-0.07902228087186813,0.11729858815670013,0.3357420563697815,-0.07580487430095673,0.15739989280700684,0.8490003347396851,7.561303618786042e-07,0
0.47866109013557434,0.622337281703949,-0.07119399309158325,0.42885351181030273,0.3632780909538269,-0.0850147157907486,0.32599779963493347,0.2555462419986725,-0.07645536959171295,0.2290683388710022,0.25152432918548584,-0.08300616592168808,0.1152663379907608,0.3339807987213135,-0.07934422791004181,0.15474534034729004,0.8489496111869812,6.958641165510926e-07,0
0.4676862061023712,0.6359070539474487,-0.07500170916318893,0.4139118790626526,0.37514084577560425,-0.09509503841400146,0.3128633499145508,0.2724844813346863,-0.08933030068874359,0.2157731056213379,0.27353915572166443,-0.0927952229976654,0.10232369601726532,0.3501935601234436,-0.09011296927928925,0.15391097962856293,0.8629680871963501,6.572405482074828e-07,0
0.4291937053203583,0.6142624616622925,-0.08831879496574402,0.3900408446788788,0.2406846582889557,-0.11344312131404877,0.26797157526016235,0.22959351539611816,-0.11767488718032837,0.17272424697875977,0.26083195209503174,-0.11605434119701385,0.04900524020195007,0.3412753939628601,-0.1186630129814148,0.12833774089813232,0.8448464870452881,8.770491035647865e-07,0
0.4685651361942291,0.5878779888153076,-0.07324966043233871,0.4088831841945648,0.3154664933681488,-0.09657154232263565,0.300855815410614,0.21734538674354553,-0.08922325074672699,0.2004515677690506,0.2330455482006073,-0.09174539893865585,0.08498403429985046,0.311800092458725,-0.08967878669500351,0.15759648382663727,0.8359233736991882,6.884880576762953e-07,0
0.49825435876846313,0.5678526163101196,-0.07444365322589874,0.43011724948883057,0.3164214789867401,-0.09496188908815384,0.3299773335456848,0.21259582042694092,-0.09293125569820404,0.2321285605430603,0.22870191931724548,-0.0958218052983284,0.12429609894752502,0.3130526840686798,-0.09010908752679825,0.1928735226392746,0.8166884183883667,7.025408308436454e-07,0
0.5562864542007446,0.6070833802223206,-0.08957018703222275,0.5298166275024414,0.3438577651977539,-0.11131513863801956,0.4113328158855438,0.1763928234577179,-0.10345462709665298,0.3213712275028229,0.21678054332733154,-0.10787057876586914,0.2127721756696701,0.31797415018081665,-0.09817064553499222,0.269347608089447,0.8312067985534668,7.892450639701565e-07,0
0.5732619166374207,0.6060630083084106,-0.09334623068571091,0.5413233637809753,0.3545443117618561,-0.10505332052707672,0.4401698112487793,0.2366771101951599,-0.09420619159936905,0.3317961096763611,0.23009344935417175,-0.09943648427724838,0.22257325053215027,0.3188287019729614,-0.0945630669593811,0.26751330494880676,0.8325458765029907,6.844558697594039e-07,0
0.5471236705780029,0.61548912525177,-0.08767562359571457,0.5297832489013672,0.37507039308547974,-0.10011722892522812,0.42756691575050354,0.26470819115638733,-0.08733673393726349,0.33006808161735535,0.25185537338256836,-0.09128263592720032,0.21632397174835205,0.3323427140712738,-0.08775543421506882,0.26059412956237793,0.8182063698768616,6.172930397951859e-07,0
0.5416015386581421,0.6236439347267151,-0.08432888239622116,0.5217930674552917,0.39767321944236755,-0.09455858170986176,0.4326542913913727,0.29357048869132996,-0.08347753435373306,0.3435298800468445,0.2812492251396179,-0.08656423538923264,0.23661155998706818,0.35196593403816223,-0.08228960633277893,0.2672102451324463,0.8188506364822388,5.624501113743463e-07,0
0.5443934202194214,0.6298880577087402,-0.08470220863819122,0.5237193703651428,0.4035900831222534,-0.09423200786113739,0.4349692165851593,0.30389323830604553,-0.08332233875989914,0.3464559316635132,0.2911373972892761,-0.08743863552808762,0.24152791500091553,0.35918503999710083,-0.08404840528964996,0.27157461643218994,0.8182587623596191,6.113152721809456e-07,0
0.5284926295280457,0.6221367716789246,-0.07562121003866196,0.5070125460624695,0.4228885769844055,-0.09180530905723572,0.4166937470436096,0.3235335648059845,-0.08088492602109909,0.33986955881118774,0.30247658491134644,-0.08532385528087616,0.23900476098060608,0.36992114782333374,-0.0830155462026596,0.2654685378074646,0.815915584564209,5.006371566196322e-07,0
0.518752932548523,0.6321020126342773,-0.06981709599494934,0.4948383569717407,0.42759597301483154,-0.0820222720503807,0.4091129004955292,0.3349676728248596,-0.0733138918876648,0.3429796099662781,0.31846269965171814,-0.07720036804676056,0.2420857548713684,0.3761211633682251,-0.0756346806883812,0.25416359305381775,0.8181670904159546,5.196969254939177e-07,0
0.516779899597168,0.637724757194519,-0.07392630726099014,0.49196183681488037,0.4250592887401581,-0.08485550433397293,0.4107765853404999,0.3298065662384033,-0.0771726593375206,0.3497526943683624,0.3215276002883911,-0.080985888838768,0.24673686921596527,0.37721043825149536,-0.07968314737081528,0.25478625297546387,0.8181611895561218,5.826011602039216e-07,0
0.5031775236129761,0.6285706162452698,-0.06965075433254242,0.48799818754196167,0.4260968863964081,-0.08271943032741547,0.400663286447525,0.33376798033714294,-0.07468921691179276,0.3305310010910034,0.3252905309200287,-0.07757945358753204,0.23222272098064423,0.3809291124343872,-0.07622592896223068,0.2506105601787567,0.8195508718490601,5.559755322792626e-07,0
0.4830549657344818,0.6032137274742126,-0.05600149184465408,0.485054075717926,0.4305227994918823,-0.0761018618941307,0.4003373682498932,0.3347557783126831,-0.06978990137577057,0.34015563130378723,0.32907065749168396,-0.07407703250646591,0.24033281207084656,0.3860305845737457,-0.07374183088541031,0.2502369284629822,0.818019449710846,5.351398613129277e-07,0
0.4782625734806061,0.5953941941261292,-0.05465255677700043,0.48166918754577637,0.4311199486255646,-0.07602177560329437,0.40007686614990234,0.3208388090133667,-0.07052648067474365,0.34348809719085693,0.3333435356616974,-0.07383286207914352,0.24582234025001526,0.38820576667785645,-0.07224536687135696,0.24807550013065338,0.8154667019844055,5.400890472628816e-07,0
0.4703102111816406,0.5865671634674072,-0.054635077714920044,0.47831305861473083,0.4306233525276184,-0.0748293325304985,0.39727872610092163,0.3348045349121094,-0.07123199105262756,0.3369021713733673,0.3382630944252014,-0.07430847734212875,0.24521499872207642,0.3894879221916199,-0.07284271717071533,0.24261650443077087,0.8191322088241577,5.172418582333194e-07,0
0.4688897728919983,0.5940018892288208,-0.0558001734316349,0.4772588312625885,0.43313518166542053,-0.07987987250089645,0.3949327766895294,0.3272553086280823,-0.07647433131933212,0.33410996198654175,0.337382435798645,-0.0785413607954979,0.23840510845184326,0.3927483558654785,-0.07682589441537857,0.24512708187103271,0.8200919032096863,5.323764753484284e-07,0
0.48503777384757996,0.6077542304992676,-0.06062281131744385,0.47824984788894653,0.4300385117530823,-0.07857005298137665,0.3984668254852295,0.32251814007759094,-0.07577569782733917,0.338795006275177,0.33679646253585815,-0.07810399681329727,0.23623166978359222,0.390715092420578,-0.07533573359251022,0.2453087568283081,0.8185541033744812,5.631085855384299e-07,0
0.48957204818725586,0.615138590335846,-0.0576300173997879,0.47846361994743347,0.43596938252449036,-0.07187160104513168,0.39933064579963684,0.3426123857498169,-0.06799520552158356,0.33350762724876404,0.3434469699859619,-0.07250115275382996,0.24029386043548584,0.391936719417572,-0.07187708467245102,0.24154254794120789,0.8212366104125977,5.536563207897416e-07,0
0.4914872646331787,0.6264235973358154,-0.06405467540025711,0.4737762212753296,0.43899786472320557,-0.0782003179192543,0.39428770542144775,0.32554036378860474,-0.0727035403251648,0.33678364753723145,0.346153199672699,-0.07242359220981598,0.24281087517738342,0.3938087522983551,-0.0677381157875061,0.23537015914916992,0.8165444135665894,6.089410931053862e-07,0
0.4924807846546173,0.6277318596839905,-0.06772805005311966,0.4715682864189148,0.4366951286792755,-0.07901871204376221,0.3920578360557556,0.3275189995765686,-0.0728076696395874,0.3283497393131256,0.3405837118625641,-0.07494290173053741,0.23292434215545654,0.3927975296974182,-0.07033690810203552,0.2313223034143448,0.8165566921234131,6.03983835389954e-07,0
0.48256605863571167,0.6192303895950317,-0.0601690448820591,0.45934170484542847,0.4262602627277374,-0.07766725867986679,0.3943333625793457,0.29325205087661743,-0.07735942304134369,0.3433789014816284,0.34714996814727783,-0.07737381756305695,0.2626572251319885,0.4003879427909851,-0.07093220204114914,0.2332148551940918,0.8155729174613953,5.990298177493969e-07,0
0.47884348034858704,0.6179750561714172,-0.047849882394075394,0.45482298731803894,0.4270825982093811,-0.05678791180253029,0.39415717124938965,0.3530363142490387,-0.05269927531480789,0.343906432390213,0.3579518795013428,-0.05367974191904068,0.27095770835876465,0.40709301829338074,-0.05121675506234169,0.23527005314826965,0.8213738799095154,4.5779304969073564e-07,0
0.4808651804924011,0.6169353127479553,-0.0464247427880764,0.4498197138309479,0.4200582504272461,-0.051720086485147476,0.40009480714797974,0.353883296251297,-0.04596134275197983,0.3485124111175537,0.3559722602367401,-0.046334408223629,0.2766243815422058,0.404303640127182,-0.044077467173337936,0.23886209726333618,0.8179918527603149,4.963197852703161e-07,0
0.48766767978668213,0.6160253286361694,-0.043405864387750626,0.44843822717666626,0.41699516773223877,-0.04244453087449074,0.4066329896450043,0.3577515184879303,-0.038220010697841644,0.3534863591194153,0.35821202397346497,-0.03899431601166725,0.2840504050254822,0.40515854954719543,-0.03496831655502319,0.242147296667099,0.8181624412536621,5.209640221437439e-07,0
0.48676446080207825,0.6171697974205017,-0.04271577298641205,0.44516098499298096,0.4148685932159424,-0.04418954253196716,0.40891334414482117,0.35885608196258545,-0.0399189367890358,0.3564978539943695,0.35660889744758606,-0.04148922860622406,0.2873208224773407,0.4030672311782837,-0.039229072630405426,0.24345776438713074,0.8183618783950806,4.987323904970253e-07,0
0.48659732937812805,0.6185337901115417,-0.04284416511654854,0.44662007689476013,0.415368914604187,-0.045935627073049545,0.40919920802116394,0.3574617803096771,-0.04232215881347656,0.3586319386959076,0.3566393554210663,-0.04428128898143768,0.28917038440704346,0.4043414890766144,-0.04252518713474274,0.2449723482131958,0.8177430629730225,4.777615458806395e-07,0
0.482302188873291,0.6096785664558411,-0.03824729844927788,0.4550209641456604,0.42178329825401306,-0.04988797381520271,0.40914100408554077,0.3549223840236664,-0.046951308846473694,0.3591957986354828,0.354219526052475,-0.04847848787903786,0.288959264755249,0.4034084975719452,-0.04601222276687622,0.2466658353805542,0.8193345069885254,4.871171768172644e-07,0
0.4778749942779541,0.5990796685218811,-0.04219283163547516,0.46074801683425903,0.4245590567588806,-0.050018250942230225,0.40985560417175293,0.35482144355773926,-0.045618098229169846,0.35928604006767273,0.35471341013908386,-0.04546042159199715,0.2899683117866516,0.402710884809494,-0.042559847235679626,0.24647018313407898,0.816802978515625,4.973638283445325e-07,0
0.4741591811180115,0.6058049201965332,-0.04654989764094353,0.46657872200012207,0.4335068166255951,-0.0588650181889534,0.40601176023483276,0.35371169447898865,-0.05479469895362854,0.35618025064468384,0.3533628582954407,-0.0574289932847023,0.27908003330230713,0.4022951126098633,-0.055961329489946365,0.2429906725883484,0.8188636302947998,4.91283628889505e-07,0
0.46614110469818115,0.5995919704437256,-0.04444635659456253,0.4772387146949768,0.4479193687438965,-0.06221674755215645,0.40778428316116333,0.35577160120010376,-0.057175397872924805,0.35591721534729004,0.3552866578102112,-0.06097210571169853,0.2733575701713562,0.403973788022995,-0.06120675802230835,0.24202579259872437,0.8199617266654968,5.007135541745811e-07,0
0.46221572160720825,0.5944822430610657,-0.04711791127920151,0.4820893406867981,0.4522415101528168,-0.05914704501628876,0.4089529812335968,0.3564309775829315,-0.05265997350215912,0.3551737368106842,0.3565538823604584,-0.057316407561302185,0.272830992937088,0.40495312213897705,-0.05750822275876999,0.24010953307151794,0.8205002546310425,5.385875851970923e-07,0
0.4583340287208557,0.591703474521637,-0.044788699597120285,0.4774089455604553,0.45040661096572876,-0.05635422095656395,0.40843233466148376,0.3576527237892151,-0.04944630339741707,0.3521749973297119,0.3566392660140991,-0.054238464683294296,0.27230381965637207,0.40339186787605286,-0.054792266339063644,0.24037408828735352,0.8229436278343201,5.34166133547842e-07,0
0.44396838545799255,0.5716027021408081,-0.03329978138208389,0.453235924243927,0.43989092111587524,-0.045908741652965546,0.4089037775993347,0.36323872208595276,-0.04267023131251335,0.3610139489173889,0.3620520532131195,-0.04741742089390755,0.28941136598587036,0.4105544090270996,-0.04601476714015007,0.24175477027893066,0.8245599269866943,4.368885129224509e-07,0
0.4334352910518646,0.5654452443122864,-0.030132343992590904,0.4444308578968048,0.4301479458808899,-0.03300755098462105,0.4097007215023041,0.3701767921447754,-0.031366702169179916,0.3671477138996124,0.36974188685417175,-0.03631681948900223,0.30267760157585144,0.4135841727256775,-0.03565679118037224,0.2419765591621399,0.8217538595199585,4.343799560047046e-07,0
0.42896056175231934,0.5610312223434448,-0.02826470509171486,0.4247719943523407,0.4224705696105957,-0.03784772381186485,0.4071858525276184,0.3715069591999054,-0.04003892093896866,0.3707815408706665,0.3761526346206665,-0.045025791972875595,0.3119873106479645,0.4245656728744507,-0.04718254506587982,0.24561050534248352,0.8236943483352661,3.462894255790161e-07,0
0.42977410554885864,0.560637891292572,-0.019511574879288673,0.42310166358947754,0.420204222202301,-0.028184689581394196,0.40060171484947205,0.3744000792503357,-0.03293170779943466,0.37100380659103394,0.3826654553413391,-0.037792883813381195,0.31311023235321045,0.43099576234817505,-0.03847631439566612,0.2463911473751068,0.8252276182174683,3.6844494388788007e-07,0
0.4281809329986572,0.5608265995979309,-0.022620607167482376,0.4215523600578308,0.4208298325538635,-0.03105723299086094,0.4004346430301666,0.372667133808136,-0.035088177770376205,0.36896899342536926,0.3811831474304199,-0.04037853330373764,0.3114287257194519,0.42880457639694214,-0.04095687344670296,0.24647977948188782,0.823523759841919,3.683879583604721e-07,0
0.43531832098960876,0.5657221674919128,-0.034848205745220184,0.42925307154655457,0.4253142476081848,-0.04353221505880356,0.4020773768424988,0.3693385720252991,-0.041606269776821136,0.3665068745613098,0.3737791180610657,-0.042432524263858795,0.3071124255657196,0.4269719123840332,-0.04166565462946892,0.2445920705795288,0.8216605186462402,4.1165782249663607e-07,0
0.45076417922973633,0.5784078240394592,-0.027811218053102493,0.4441484212875366,0.4311002492904663,-0.03219354525208473,0.4032664895057678,0.3698216378688812,-0.028490347787737846,0.35509470105171204,0.3701007068157196,-0.03023308888077736,0.29367613792419434,0.41533544659614563,-0.026718702167272568,0.24245773255825043,0.8172008991241455,4.787724492416601e-07,0
0.45827555656433105,0.5919582843780518,-0.03752603754401207,0.4540922939777374,0.43580806255340576,-0.03635019436478615,0.403360515832901,0.36473459005355835,-0.03546438366174698,0.3543557822704315,0.3683408796787262,-0.03772281855344772,0.2845954895019531,0.41428089141845703,-0.03488406911492348,0.24161779880523682,0.8224644660949707,5.294398306432413e-07,0
0.46421924233436584,0.5993124842643738,-0.04718683287501335,0.45965704321861267,0.4383276700973511,-0.05376029387116432,0.3968955874443054,0.36120301485061646,-0.05118703097105026,0.34498631954193115,0.36297497153282166,-0.05508560687303543,0.2645567059516907,0.40543800592422485,-0.05604879930615425,0.24279607832431793,0.823940634727478,5.113532210998528e-07,0
0.46612563729286194,0.605934202671051,-0.045706603676080704,0.4621994197368622,0.43545931577682495,-0.06004934757947922,0.3949853181838989,0.3536643385887146,-0.05686725676059723,0.34026405215263367,0.35314375162124634,-0.06156354770064354,0.2529671788215637,0.4001869261264801,-0.06259394437074661,0.23974069952964783,0.8221700191497803,4.931652028972167e-07,0
0.47083693742752075,0.6113704442977905,-0.05190066248178482,0.4646058678627014,0.4357742667198181,-0.06457308679819107,0.39215871691703796,0.3555612564086914,-0.06131559610366821,0.33550605177879333,0.35390999913215637,-0.06566404551267624,0.2457055300474167,0.39836496114730835,-0.06633872538805008,0.23883438110351562,0.8237142562866211,5.074715545561048e-07,0
0.4726855158805847,0.6142350435256958,-0.05394098535180092,0.4618014693260193,0.4363758862018585,-0.06901159882545471,0.39163482189178467,0.3487008512020111,-0.06781131774187088,0.3342338800430298,0.35549116134643555,-0.07248298078775406,0.2419676035642624,0.40070104598999023,-0.07257018238306046,0.23729608952999115,0.822140634059906,5.286476039145782e-07,0
0.4702127277851105,0.6134449243545532,-0.050885409116744995,0.4621790647506714,0.4350360631942749,-0.06826051324605942,0.39239126443862915,0.34933051466941833,-0.06684481352567673,0.33674728870391846,0.35700759291648865,-0.07124590873718262,0.24227187037467957,0.4005100727081299,-0.07176370173692703,0.23653042316436768,0.8211266994476318,5.094114499115676e-07,0
0.4663888216018677,0.6073659062385559,-0.04754248633980751,0.4634673297405243,0.43825221061706543,-0.06391242146492004,0.39366254210472107,0.3560963571071625,-0.06155296787619591,0.3365498185157776,0.35626405477523804,-0.0664447695016861,0.24384942650794983,0.4013596177101135,-0.06793646514415741,0.24008917808532715,0.8251612186431885,5.106002731736226e-07,0
0.46419471502304077,0.6035085320472717,-0.046104393899440765,0.4641132950782776,0.44074755907058716,-0.06117416173219681,0.3960125744342804,0.36215418577194214,-0.05400201678276062,0.34238293766975403,0.3646416962146759,-0.05653655529022217,0.2563576102256775,0.41063618659973145,-0.05666382238268852,0.24330174922943115,0.8255622386932373,4.989672675037582e-07,0
0.4618518054485321,0.5960766077041626,-0.04470420256257057,0.4572523236274719,0.439117968082428,-0.06030979007482529,0.39260101318359375,0.35462814569473267,-0.060033638030290604,0.3384844660758972,0.3615432679653168,-0.06502369046211243,0.25413376092910767,0.4067450165748596,-0.0654074028134346,0.23321816325187683,0.8178896307945251,4.997571068088291e-07,0
0.45544716715812683,0.5965700149536133,-0.04723445698618889,0.45590734481811523,0.4400544762611389,-0.05945614352822304,0.39103686809539795,0.35680627822875977,-0.05914086848497391,0.335970401763916,0.3609875738620758,-0.06492897868156433,0.24804872274398804,0.40385985374450684,-0.06621599197387695,0.23130783438682556,0.8223525881767273,5.050234221926075e-07,0
0.4588596224784851,0.5952497720718384,-0.05319894477725029,0.455187052488327,0.4329643249511719,-0.07350648939609528,0.3892539441585541,0.33056744933128357,-0.07255824655294418,0.3328632414340973,0.35936155915260315,-0.07275497913360596,0.24619048833847046,0.4028409421443939,-0.07064641267061234,0.22824427485466003,0.8136047720909119,5.460003080770548e-07,0
0.4637948274612427,0.6026917099952698,-0.04303557798266411,0.45195475220680237,0.4320722818374634,-0.055899765342473984,0.3838161528110504,0.3447628915309906,-0.054928820580244064,0.3283463716506958,0.35091426968574524,-0.05992119014263153,0.23598769307136536,0.3962523639202118,-0.05946559086441994,0.2252124547958374,0.8109347820281982,5.102930913380987e-07,0
0.46592557430267334,0.6103138327598572,-0.04253768548369408,0.45253613591194153,0.4325728416442871,-0.06237880513072014,0.38489559292793274,0.3304087221622467,-0.06177644431591034,0.3262033760547638,0.3495335280895233,-0.06619871407747269,0.23119139671325684,0.3961804509162903,-0.06509777903556824,0.22505196928977966,0.8111104965209961,5.235980324869161e-07,0
0.47547248005867004,0.6290526986122131,-0.05126958340406418,0.45135754346847534,0.43550482392311096,-0.058706335723400116,0.38237690925598145,0.35010334849357605,-0.05584963783621788,0.3237380087375641,0.3544474244117737,-0.06103403493762016,0.2276521921157837,0.39852285385131836,-0.05891688913106918,0.2189195454120636,0.8164110779762268,5.344420515029924e-07,0
