normalized_area,convexity,finger_count,defect_distance_0,defect_distance_1,defect_distance_2,defect_distance_3,defect_distance_4,aspect_ratio,orientation,gesture_class
0.2574951171875,0.6984305675120853,6,0.2994187076653695,0.298961745044412,0.2985485722625382,0.2842231737561172,0.2811944389563919,0.829736211031175,0.010971894529130723,0
0.26067220052083334,0.7112019965185264,7,0.29950479962765203,0.2986558429028302,0.2850027412148873,0.2811944389563919,0.27300412084801945,0.8373205741626795,0.00739030639330546,0
0.2637858072916667,0.7097780055093523,7,0.3020890804051017,0.30127333934485473,0.28739400219907163,0.28699412014882814,0.2762613119855909,0.8305489260143198,0.018104973104265003,0
0.26078938802083335,0.7034220866167659,6,0.30150922456866885,0.30058536641027617,0.30001041648582805,0.28658822812530177,0.2542298418754179,0.8388625592417062,0.03666414154900445,0
0.2628531901041667,0.6993694731463117,5,0.30125,0.28739400219907163,0.28631822331105644,0.2766992952647332,0.25577394804788073,0.8720379146919431,0.04837462107340495,0
0.26287434895833334,0.6926527601468419,4,0.3027581543080219,0.30251033040212033,0.27573198037224483,0.2721500045930553,0.2602702921964011,0.8875878220140515,0.06138327916463216,0
0.263876953125,0.7070691211681124,4,0.3025645592266219,0.3025025826336033,0.3017578706512889,0.28853346859593254,0.2742860049291615,0.8651162790697674,0.06399132940504286,0
0.2641845703125,0.7046695782792544,5,0.28924740707567287,0.2769702150051518,0.2763970197017327,0.26140545614045624,0.2576941016011038,0.8644859813084113,0.05085542466905382,0
0.2648095703125,0.6985248027202706,5,0.3051254864805626,0.3050102457295492,0.2907022746729031,0.27933235133081163,0.2789181107422033,0.8665105386416861,0.03988456196255154,0
0.258935546875,0.6870476256283577,5,0.30300577552251373,0.30127333934485473,0.2895308705475117,0.2783040154219842,0.2776154039314101,0.8782201405152225,0.056287124421861436,0
0.2597298177083333,0.6796453091194058,4,0.30375,0.3032454657534058,0.29158242831144676,0.2689853620552613,0.26877616151734884,0.8808411214953271,0.03474491967095269,0
0.2597298177083333,0.6796453091194058,4,0.30375,0.3032454657534058,0.29158242831144676,0.2689853620552613,0.26877616151734884,0.8808411214953271,0.03474491967095269,0
0.26299153645833334,0.675078231733047,5,0.3070754182607263,0.3062602039116411,0.29436372059070054,0.28217902119044924,0.2712615204926788,0.892271662763466,0.03957509994506836,0
0.2624381510416667,0.6830551554689486,5,0.3056550343115585,0.3051638903933426,0.30488214936266766,0.29158242831144676,0.2906135750442501,0.8894117647058823,0.05983341534932454,0
0.2629638671875,0.6881695240123522,5,0.30488214936266766,0.3037602878916202,0.2899703648651013,0.27589909840374616,0.2664377272459739,0.8841607565011821,0.05066481166415744,0
0.25800455729166666,0.6831170734019677,4,0.3017578706512889,0.3012525933498333,0.2874048755675519,0.28631822331105644,0.28485193522249413,0.8817966903073287,0.06904566023084853,0
0.25988118489583334,0.6937180395104424,4,0.3005099831952343,0.30006509710394513,0.2867517436738616,0.2758452917850874,0.27551372470350727,0.8859857482185273,0.05130844116210938,0
0.2613118489583333,0.6883025015540931,4,0.30353129986872857,0.2907022746729031,0.2896981187374195,0.27093587802282665,0.27000289350301415,0.8954869358669834,0.043280026647779676,0
0.25619140625,0.6859369076100457,4,0.3013148270497156,0.2850438562747845,0.2776829351976819,0.26375296206867516,0.2632786071825814,0.8705882352941177,0.04746450318230523,0
0.2584456380208333,0.6981178529190646,5,0.260768096208106,0.260147193911447,0.260027041862957,0.25940436580751686,0.2591150806109131,0.8551401869158879,0.011571786138746473,0
0.2593684895833333,0.6933767284815469,5,0.30308053797629436,0.27876961814372814,0.25620426421119535,0.25272576540590397,0.24890384689674847,0.8508158508158508,0.02570294009314643,0
0.2657112630208333,0.6851309383918079,6,0.3080711159781131,0.3075101624336991,0.3062729583231272,0.29379255010976707,0.2835296501249913,0.851508120649652,0.014173376560211181,0
0.2662125651041667,0.6966327069526551,5,0.3075,0.2828012774016411,0.26382404173994456,0.26269040713356856,0.2576486221581633,0.8475750577367206,0.9916481018066406,0
0.26579915364583334,0.6834644680672972,7,0.30780726518391344,0.2929510411314491,0.2837389865704042,0.26279745052035797,0.26274096083405035,0.847926267281106,0.031134197447035047,0
0.26232259114583334,0.6904645623414901,5,0.3066808194198,0.3062602039116411,0.2837389865704042,0.27083493589269464,0.26510611083111607,0.8459770114942529,0.0025892959700690374,0
0.26364583333333336,0.6908664406201352,4,0.3075406477199396,0.27101660465735306,0.2676051195324932,0.267546724891186,0.26654326571871967,0.8496583143507973,0.03133708635965983,0
0.26305989583333333,0.696859424314023,4,0.30387600267214254,0.2897655302136539,0.27956439329785904,0.2791309056697234,0.2712528801690408,0.8584474885844748,0.03561001883612739,0
0.264853515625,0.7093424700528326,4,0.30381429360713097,0.28924740707567287,0.2614502820805516,0.26063024575056515,0.2575485391144745,0.8447488584474886,0.05027723842196995,0
0.26077962239583335,0.7047663872051798,5,0.30134334653348493,0.2775450413896815,0.27294688127912364,0.25644200124004646,0.25261445425786705,0.8283752860411899,0.012924089696672228,0
0.26128743489583334,0.7086480354202624,7,0.3040610547242116,0.30377314726617954,0.28808093480825836,0.286667272286182,0.2789293145225148,0.8032036613272311,0.031680348184373645,0
0.26068196614583333,0.7117849397376187,7,0.304120144844106,0.3037911494760833,0.28019245617967664,0.2517563306056076,0.243955041964703,0.8009153318077803,0.005950854884253608,0
0.2569759114583333,0.7074474520223858,4,0.3025025826336033,0.2769702150051518,0.24490112800883546,0.24202595418673592,0.24152186753998073,0.7963386727688787,0.004022818472650316,0
0.25790852864583336,0.6965230769230769,6,0.3027091219306085,0.30252324290870614,0.2846159693341187,0.2789293145225148,0.27785450329264055,0.8137931034482758,9.30967637234264e-05,0
0.26148111979166666,0.6900767162358359,4,0.3050409808533929,0.3042536975946225,0.28782861654116326,0.28190479332569,0.2817024139051705,0.8475750577367206,0.015658361381954616,0
0.2603580729166667,0.6887370456003479,4,0.3032454657534058,0.3027091219306085,0.3025025826336033,0.28971160228751625,0.2593260495977988,0.8654292343387471,0.006592171721988254,0
0.2621142578125,0.6630285314339824,5,0.3047770701676883,0.30418436021597167,0.3026652441229419,0.28204886544710656,0.2701677719492094,0.8930232558139535,0.042433020803663464,0
0.26519856770833333,0.6380617471530834,5,0.3060228749619871,0.30522788617686947,0.299543924158044,0.29799853187557823,0.28171905331375796,0.9392523364485982,0.06151880158318414,0
0.2707926432291667,0.6398940016307442,5,0.3079696616551702,0.307146646571308,0.3065585180679212,0.3034823924052267,0.30321454862852476,0.9601873536299765,0.057216548919677736,0
0.269619140625,0.645170587318897,8,0.30686163412847817,0.3010658150637498,0.299543924158044,0.2881107642904027,0.2834221674463732,0.9487179487179487,0.03175286716885037,0
0.269619140625,0.645170587318897,8,0.30686163412847817,0.3010658150637498,0.299543924158044,0.2881107642904027,0.2834221674463732,0.9487179487179487,0.03175286716885037,0
0.26841634114583335,0.6335233602495448,4,0.30921270995869493,0.2997759580086435,0.2879805766019646,0.28235892495191295,0.2808302423173117,0.9351851851851852,0.018261146545410157,0
0.2664453125,0.6405296271950418,5,0.3064718584144391,0.29714527171065674,0.2890609797257319,0.28126944377233726,0.2806382235191778,0.9308755760368663,0.03176214959886339,0
0.26740234375,0.6411194967571744,4,0.3065967424810642,0.28936352569043666,0.2817024139051705,0.2808302423173117,0.27122695754662735,0.9328703703703703,0.02435289223988851,0
0.2663232421875,0.6527952317690567,4,0.30612752653101943,0.3053532790064649,0.30520740898608606,0.2969980008350225,0.2945600532998322,0.9187935034802784,0.024864572948879667,0
0.26952473958333334,0.658522424502716,5,0.3069863596318247,0.30561924841213783,0.2983129648540271,0.2981715110469141,0.27608875384557047,0.9162790697674419,0.024913247426350912,0
0.2704736328125,0.6577022630666571,4,0.3073729412293802,0.3064718584144391,0.29688486825704,0.2770209829597751,0.27596421869510546,0.9252336448598131,0.04624749819437663,0
0.27031901041666667,0.6454902661883645,4,0.30814972010371844,0.30726871383204635,0.298760460067928,0.29875261505131634,0.2863837023994208,0.9462616822429907,0.07764527002970377,0
0.26991373697916665,0.6464117686038036,5,0.30895489152949174,0.30875,0.299543924158044,0.2992307846796516,0.286980508920031,0.9627906976744186,0.06436625056796604,0
0.2726057942708333,0.6512191233820516,4,0.31009071253425186,0.3100226806219184,0.2973450226588634,0.28600699292150183,0.28526851386018753,0.9627039627039627,0.09515689214070638,0
0.27226399739583335,0.6640848928517551,5,0.30939709517059144,0.30876012129159425,0.2958251172568009,0.2957247453291658,0.27681503300940863,0.9437939110070258,0.10296280119154189,0
0.2696256510416667,0.7035714134030996,5,0.3055757884715345,0.2907022746729031,0.277198597579425,0.2763970197017327,0.27225906780123965,0.903755868544601,0.06454937193128797,0
0.26165201822916667,0.7664826257771675,4,0.3027091219306085,0.3026652441229419,0.2804042840257617,0.2585204295602187,0.25164769520104885,0.8089622641509434,0.9463971455891927,0
0.24937337239583332,0.825636410665402,4,0.30016662039607267,0.3,0.2994187076653695,0.2963159209357472,0.27056076027391707,0.7382075471698113,0.9538436889648437,0
0.23971354166666667,0.8678487039426777,3,0.29646353064078557,0.2955186119350184,0.2951297384202412,0.26807181873520386,0.2594344811315566,0.6777251184834123,0.9619071960449219,0
0.23444498697916666,0.8648789831098729,3,0.2964187283219466,0.2953811097548386,0.2951694428629088,0.29282300541453365,0.2704539008777651,0.6572104018912529,0.9639987521701389,0
0.23613606770833334,0.8683489148780809,2,0.29766801978042584,0.2975,0.29662950375847646,0.29646353064078557,0.29443006385218207,0.6374407582938388,0.965045166015625,0
0.236240234375,0.8666622879559581,4,0.29787791123210194,0.2975656440182569,0.29526471174185376,0.2707397274136177,0.2667219994676105,0.6342042755344418,0.9753396775987413,0
0.23333658854166667,0.8645952693982414,4,0.29656892116336125,0.2962526371190643,0.2955186119350184,0.29388029025438234,0.26807181873520386,0.669833729216152,0.9601810879177517,0
0.23578776041666666,0.8707631830449182,3,0.29787791123210194,0.2975026260388301,0.2956771888394504,0.293920163479813,0.27048856260478,0.6445497630331753,0.9637947930230035,0
0.235595703125,0.838897002573197,5,0.29669534037460044,0.29263084680190504,0.27048856260478,0.263536643562143,0.2474936867881684,0.6800947867298578,0.966717020670573,0
0.23504720052083333,0.879548084536208,3,0.2981715110469141,0.2962526371190643,0.2959544939682451,0.26904054062538607,0.2685871599686031,0.6193853427895981,0.9575141059027777,0
0.23339680989583333,0.8841584097369086,1,0.29651359580970316,0.29625,0.2955952680609079,0.2692408308559458,0.2645337880120421,0.6052009456264775,0.9653528849283854,0
0.23220052083333334,0.8664524788494592,3,0.29662950375847646,0.2962526371190643,0.2950423698386386,0.292716266203298,0.26674543107614795,0.6099290780141844,0.964705064561632,0
0.2334326171875,0.8917275468647994,3,0.29651359580970316,0.29501059303014865,0.29263084680190504,0.26792023066577114,0.26417619593748415,0.6061320754716981,0.9638719346788195,0
0.23277669270833334,0.8702885586671048,0,0.2945176140742689,0.29151811693272167,0.2683543599422227,0.26807181873520386,0.26476404589747454,0.6264775413711584,0.9694174024793837,0
0.234228515625,0.8791027544120072,2,0.2950423698386386,0.26799312024751676,0.2645308346866202,0.257963781372502,0.24434222926051896,0.6365795724465558,0.9576238844129774,0
0.23528483072916667,0.8837961434527958,2,0.2950238337829674,0.2933641082341192,0.2666722004634154,0.2633023452231294,0.26280042332538206,0.649164677804296,0.9578297085232205,0
0.2333642578125,0.8534870708128959,1,0.29407163242992346,0.29388029025438234,0.293100345445037,0.2656624973533148,0.24391660972553716,0.7040572792362768,0.9622494167751736,0
0.231298828125,0.8732119156466598,0,0.29413272939270124,0.29379255010976707,0.2656624973533148,0.26279745052035797,0.2517501241310518,0.6133651551312649,0.9759130689832899,0
0.231298828125,0.8732119156466598,0,0.29413272939270124,0.29379255010976707,0.2656624973533148,0.26279745052035797,0.2517501241310518,0.6133651551312649,0.9759130689832899,0
0.23416829427083333,0.8493193544197688,4,0.29637919123987094,0.2953811097548386,0.2950238337829674,0.28962529671974446,0.26799312024751676,0.6833333333333333,0.9756924099392361,0
0.23272298177083334,0.88960299634789,2,0.29521443477580833,0.295,0.2941991247437694,0.29379255010976707,0.2906888370749727,0.6071428571428571,0.9654613918728299,0
0.2538606770833333,0.8418904914068572,6,0.29327088587174827,0.29126072941610237,0.27238816512469843,0.2692147144938404,0.26697670778552945,0.669047619047619,0.9723381890190972,0
0.26202311197916667,0.7557330028494843,4,0.2981662707282633,0.29710320176665883,0.2786154383733967,0.2783573467685019,0.272101199005076,0.7743467933491687,0.9880033704969619,0
0.26194173177083335,0.7227763680865875,5,0.29950479962765203,0.29906625520108415,0.298885952329647,0.2845088970489324,0.28435508172002133,0.7980997624703088,0.9975877549913195,0
0.2619547526041667,0.6624859533796271,5,0.30286651350058497,0.3020347662107791,0.2817634202660097,0.2803374083136248,0.2682640956222058,0.918854415274463,0.019106207953559027,0
0.2646842447916667,0.6426629360901661,4,0.3039839633928079,0.30287167249513447,0.2999088403165202,0.28201285431696194,0.2781299156868962,0.954653937947494,0.07849214341905382,0
0.27140625,0.6432638449550203,4,0.30748221493283157,0.3070474311893848,0.282897949798156,0.2798464981020845,0.27665694009006897,0.9832935560859188,0.12432751125759549,0
0.27388834635416665,0.6437430184694954,5,0.308322071866417,0.30791638475404326,0.30686163412847817,0.28716556635502105,0.2866427436723281,1.0047732696897376,0.16007762485080296,0
0.2742789713541667,0.6386291890416981,5,0.3103626910567699,0.3088006031406027,0.30841581104087384,0.2931776338672512,0.2868416374935829,1.0023866348448687,0.14572135077582465,0
0.2723209635416667,0.6375129549472658,5,0.3077768063061283,0.30766255865802067,0.3069303666957703,0.2962526371190643,0.29142162325400633,1.0095693779904307,0.1543860011630588,0
0.26997721354166665,0.6363615437734981,5,0.3091773358446573,0.3088410796833867,0.30823337343642726,0.3072712563843224,0.2960152023123137,0.9928571428571429,0.13501377105712892,0
0.26871907552083335,0.6198881129383494,4,0.30939709517059144,0.30841581104087384,0.3077768063061283,0.28443474647096123,0.28437706043209604,1.03562945368171,0.16679999033610027,0
0.271826171875,0.6334606500358434,4,0.31030478968266023,0.3100226806219184,0.30939709517059144,0.30906360591308707,0.30841581104087384,1.0190023752969122,0.14447655147976346,0
0.2687174479166667,0.6278497571883284,6,0.3062729583231272,0.3057393702158752,0.29864799513808893,0.2970506059579748,0.2846516511457469,1.0119047619047619,0.1615892834133572,0
0.27081380208333333,0.6310559571579195,5,0.30939709517059144,0.30841581104087384,0.2992960490885237,0.2953731749837822,0.29272961073318154,1.0166666666666666,0.16363017823961046,0
0.269580078125,0.6294463699379789,4,0.3091141577152363,0.30876012129159425,0.308322071866417,0.3077768063061283,0.29721887978390604,1.0095238095238095,0.1532560560438368,0
0.2730419921875,0.6315819196277305,5,0.3100100804812644,0.3091773358446573,0.30841581104087384,0.30823337343642726,0.3013848246013724,1.0166666666666666,0.16273040771484376,0
0.2684375,0.6216074625459342,5,0.30924555372713125,0.3085145863650534,0.30766255865802067,0.3069303666957703,0.2989695845734144,1.0166666666666666,0.16290289560953777,0
0.26949381510416665,0.6273994922511462,5,0.3093188080282219,0.3093188080282219,0.308322071866417,0.2975577675006989,0.2962078029019492,1.0119331742243436,0.12332382202148437,0
0.27000325520833335,0.6309571805658037,5,0.3080711159781131,0.30766255865802067,0.29656892116336125,0.2932628940046797,0.2860780050965121,1.0167464114832536,0.19393208821614583,0
0.2726871744791667,0.6284307142937521,5,0.30939709517059144,0.30828659555679677,0.2968085451936989,0.2958515252622504,0.2932628940046797,1.0191387559808613,0.18215096791585286,0
0.27081705729166666,0.6282210534661838,5,0.3094804113348695,0.30891948789288126,0.3087069808086626,0.2989695845734144,0.2957405957930024,1.014354066985646,0.16690517001681857,0
0.27318359375,0.6281915968651052,4,0.31030478968266023,0.31,0.309939510227399,0.3093188080282219,0.2867408455382665,1.045346062052506,0.18928644392225477,0
0.27099446614583333,0.6540195932091539,5,0.3066808194198,0.30397882327556963,0.30385286324140504,0.28784218766539416,0.28667544802441663,0.9713603818615751,0.10196978251139323,0
0.269228515625,0.6543094139007227,4,0.3055016366568271,0.30270137925024393,0.3019959643770095,0.30184070716190686,0.27824505835683766,0.9594272076372315,0.11776457892523871,0
0.2630322265625,0.6812766639124497,6,0.3019985513210287,0.30134334653348493,0.3011462476937078,0.29642927065322006,0.2958251172568009,0.8857142857142857,0.014933517244127061,0
0.26262532552083334,0.6779250134444743,4,0.30261877833340084,0.29436372059070054,0.27994698158758563,0.2629698176597459,0.24032855115445606,0.8598574821852731,0.011071158779991997,0
0.263271484375,0.6763506817697161,7,0.3047770701676883,0.3039839633928079,0.29614449598126924,0.2945600532998322,0.28111385593741195,0.8581560283687943,0.018598465124766032,0
0.26276204427083333,0.6795083864722099,5,0.3038631476503855,0.29454679169870446,0.29436372059070054,0.2790413275842845,0.26660481053424373,0.8635294117647059,0.010329115390777587,0
0.2688427734375,0.6737106148669317,5,0.3098638814060135,0.3091773358446573,0.30127333934485473,0.28814059068447817,0.2866427436723281,0.8564814814814815,0.012644941276974148,0
0.264833984375,0.6526861319138866,4,0.3090838276260989,0.28540815072453696,0.28392340516413933,0.27014174520055206,0.2663174797117155,0.8486238532110092,0.018993481000264486,0
0.264833984375,0.6526861319138866,4,0.3090838276260989,0.28540815072453696,0.28392340516413933,0.27014174520055206,0.2663174797117155,0.8486238532110092,0.018993481000264486,0
0.2651057942708333,0.6629506168317114,6,0.30948546007849864,0.2874456470360962,0.2805184931515211,0.266695636447243,0.2643979008993831,0.8393665158371041,0.973107655843099,0
0.273935546875,0.6626924909340757,4,0.3181808644466226,0.3173744830637775,0.3173375568696526,0.3072280301339707,0.3071568206958784,0.8073593073593074,0.9642066107855902,0
0.2793701171875,0.6489904718693285,4,0.31506199786708644,0.30590541838941004,0.30360850613907375,0.28019245617967664,0.27586228448267447,0.7833333333333333,0.9511555989583333,0
0.2848844401041667,0.6409680821456298,5,0.3243503121626369,0.3242298567374695,0.3147642967364628,0.31453586838387765,0.31039541314265584,0.7875,0.9286549886067709,0
0.28778483072916666,0.6463906822352692,5,0.31400636936215165,0.31235246517355997,0.3100226806219184,0.2837279727133016,0.2688226645950821,0.7916666666666666,0.9422622680664062,0
0.28939453125,0.6513301048405413,5,0.3223085672147112,0.32221159584968384,0.3108079189789089,0.2828482366924001,0.2749232847541292,0.7895833333333333,0.9732493082682292,0
0.2894677734375,0.6919844521483349,4,0.31410836107942114,0.31370019525017834,0.3052509213745308,0.30477963350591525,0.26991028602111483,0.7520833333333333,0.9534172905815972,0
0.2918245442708333,0.693321113972607,4,0.31335383354923235,0.3132091952673165,0.2664729113812509,0.2662529342561317,0.2653123159598891,0.75,0.9712567647298177,0
0.28742350260416666,0.7036222442693952,5,0.3256939706227305,0.32524029578144215,0.30925818501698543,0.2637766574206292,0.2616832531898058,0.7521186440677966,0.9757180107964409,0
0.27229166666666665,0.7091037020082568,6,0.3137076664667282,0.31196954979612995,0.2968085451936989,0.29670060667278725,0.2913465505201666,0.7582417582417582,0.973496331108941,0
0.24193684895833334,0.6987017382230454,4,0.30270137925024393,0.3002316813729024,0.2853506614676055,0.28487387560111577,0.2823035821593485,0.7471783295711061,0.9048183017306858,0
0.20482096354166668,0.6631500179169917,4,0.2715608817558228,0.27135366682615514,0.22341804985273683,0.22063119679682652,0.21832100792182138,0.7494305239179955,0.8695242987738715,0
0.17846028645833334,0.6362707890858025,4,0.26875,0.26674543107614795,0.26585063945757215,0.21880713539553504,0.21703974290438147,0.7662037037037037,0.8479747348361545,0
0.16267903645833334,0.6119475176175986,6,0.2868143999174379,0.2723107140749332,0.27050011552677755,0.22919696769372844,0.21267639737403865,0.7785547785547785,0.8352221171061198,0
0.15314615885416666,0.6175945495359492,4,0.32539639288105204,0.3179647189547922,0.2835186281357893,0.27300412084801945,0.2626457928465636,0.7928571428571428,0.8164323594835069,0
0.14486002604166667,0.6075180374195398,5,0.31173406134075243,0.21404219794236837,0.1607210316044543,0.15027578813634618,0.13875,0.8091787439613527,0.8138840569390191,0
0.14419759114583333,0.5397789583993371,4,0.3209483019116942,0.27935752182463247,0.2680776473337529,0.2662969442182918,0.23122297139341497,0.8459657701711492,0.8299874199761285,0
0.14380208333333333,0.5765558825640658,4,0.32014157024666445,0.30052558127387424,0.28588951100031634,0.27784044432011695,0.2645042532739313,0.8512195121951219,0.8025094774034288,0
0.145576171875,0.5793701175037894,4,0.2908634774254066,0.2815276407388802,0.2802510035664458,0.2669854864969255,0.22461077445216202,0.8713592233009708,0.7985445658365885,0
0.1630712890625,0.48347496272275864,6,0.3228220291429939,0.2962526371190643,0.2901777472515768,0.27452231239008607,0.25109759058979436,0.8677884615384616,0.8671646118164062,0
0.15559244791666665,0.527306926433193,5,0.3182422426391569,0.2949841097415249,0.2842589048737084,0.23249327947276238,0.23122635014201992,0.868421052631579,0.8228927612304687,0
0.15607747395833332,0.5344517207746969,4,0.30650499588098074,0.2848272502763736,0.2329196481621935,0.18582585934148133,0.1754458605952275,0.8622327790973872,0.8118767632378472,0
0.154921875,0.531801725293881,4,0.3243864400680152,0.3199853512272085,0.2985014656580433,0.23253023996891245,0.19255275251213624,0.8625592417061612,0.8274879455566406,0
0.15237630208333333,0.5349194649662604,5,0.3290374218838945,0.3208606590094834,0.3128997443271566,0.3037782908635836,0.28606161923613593,0.8454332552693209,0.8218822903103299,0
0.15595540364583332,0.5451695493855258,4,0.31940618732266285,0.31734494245221556,0.31235246517355997,0.2954049127892087,0.20148278462439415,0.8367816091954023,0.8222694396972656,0
0.15647786458333332,0.5223722459181178,3,0.32596012026013244,0.32453091147069485,0.3190317382330479,0.3146625176280136,0.3067394048699971,0.8253968253968254,0.8291620042588975,0
0.1611328125,0.5255837164608573,4,0.32276636286949106,0.3080432193702695,0.30495132808367964,0.2275858354555485,0.20760915803499613,0.841743119266055,0.8416619194878472,0
0.15736328125,0.5477629782388234,4,0.31979729908177773,0.31114707133444147,0.305,0.29964823126459467,0.25161975280172266,0.8333333333333334,0.8092378404405381,0
0.15745930989583334,0.5288785869309702,4,0.32730194392945483,0.32271552875558995,0.3162895232219999,0.3075965295642979,0.25212224217629037,0.8272727272727273,0.8304539998372396,0
0.15188802083333333,0.5493839152728964,4,0.3255044162526831,0.31650928106455267,0.3100403199585499,0.29834177129594175,0.24171587142759163,0.816933638443936,0.824418216281467,0
0.15188802083333333,0.5493839152728964,4,0.3255044162526831,0.31650928106455267,0.3100403199585499,0.29834177129594175,0.24171587142759163,0.816933638443936,0.824418216281467,0
0.16171223958333333,0.5544790945822264,5,0.3233902441323795,0.3191125389263167,0.3147667787426113,0.3025413194920654,0.30233466556119565,0.8022988505747126,0.8539476182725695,0
0.15231119791666667,0.5973026277996566,4,0.3255044162526831,0.3147419578003543,0.2941778798618278,0.22997961866217623,0.21876428524784386,0.780373831775701,0.8526844448513455,0
0.14484049479166666,0.6939332501559575,2,0.3149801581052369,0.3020140725198083,0.29863491507189843,0.2943451417978561,0.29228624668293923,0.7132867132867133,0.8418186611599392,0
0.14749348958333333,0.6382948750457836,1,0.3171848829941301,0.30940467029442204,0.30674195180966035,0.3023708401946193,0.30134334653348493,0.7139479905437353,0.8588196648491754,0
0.145146484375,0.6760364785881604,0,0.3183207894561711,0.31243249270842494,0.30407647064513227,0.29926211337220754,0.2926014781234025,0.7417061611374408,0.8427012125651042,0
0.14817708333333332,0.6273299201367116,3,0.31909295275828325,0.30616835646421725,0.2940158371584769,0.23388699194269014,0.2262638117331183,0.7962085308056872,0.8367676628960503,0
0.15076497395833333,0.6128268233301577,6,0.31997070178377274,0.3049718224688963,0.29016428536262007,0.23762167935607223,0.22702560428286497,0.8047619047619048,0.843790774875217,0
0.14581868489583333,0.6186625602496996,4,0.32453091147069485,0.31820296195981584,0.31201211915565075,0.28094705906985395,0.20775962673243328,0.8181818181818182,0.8226294623480903,0
0.14584798177083333,0.5605712748587764,4,0.31997070178377274,0.29875261505131634,0.2985067000923095,0.29129291529318047,0.2802482158730007,0.8385542168674699,0.8287862141927084,0
0.15021321614583333,0.5705004574339193,4,0.3235206716733878,0.29610228384799736,0.29381648183857895,0.2824280881923751,0.22832610998306788,0.8400954653937948,0.8334801567925347,0
0.15061848958333332,0.5656617521210787,4,0.3235206716733878,0.30317332089087257,0.2940344367586899,0.2811944389563919,0.22667777239950104,0.8353221957040573,0.8282562255859375,0
0.1491748046875,0.5588427182098107,4,0.32354481915184485,0.2990401310861136,0.29788053393936303,0.27784044432011695,0.23133444404152181,0.8373205741626795,0.8372504340277778,0
0.13449869791666666,0.5872162018120448,2,0.28811889906772864,0.2846516511457469,0.27306134841826296,0.2537530787990562,0.23599854342770846,0.6235011990407674,0.8970881144205729,1
0.132353515625,0.6049051186110347,4,0.2700057869750202,0.267791896815419,0.226291432670351,0.2043472840533977,0.1972941965694886,0.5779376498800959,0.8970032585991754,1
0.13250813802083333,0.6146789683498429,2,0.26819127968671913,0.24120141997923641,0.23215363985946894,0.196293784924536,0.19251623308178456,0.6155717761557178,0.885044182671441,1
0.1351953125,0.6139019252799232,3,0.28376927247325423,0.27785450329264055,0.2727321259037886,0.24272219202207285,0.23388699194269014,0.60431654676259,0.8943963792588976,1
0.13334309895833332,0.6251125455905019,2,0.28136108917190383,0.27573198037224483,0.26635561285619647,0.260027041862957,0.2286099297930866,0.580335731414868,0.9065684848361545,1
0.13635904947916666,0.6212662771037879,2,0.26904054062538607,0.23582633970784517,0.22318714120665642,0.20931435688934477,0.20617422850589256,0.6038647342995169,0.8870382520887586,1
0.13550944010416666,0.6224589734963178,2,0.27227054559757286,0.2688459131175328,0.25620426421119535,0.1965841104972627,0.18884517468021259,0.5847255369928401,0.8933659023708768,1
0.13388671875,0.5945875618006765,3,0.2817384647150616,0.22773339676033466,0.19054199012291229,0.18341380809524677,0.17824228594808808,0.5642857142857143,0.9210286458333333,1
0.13372884114583333,0.6103781294108908,2,0.2816719057698158,0.2789293145225148,0.27056653525519375,0.26393950537954713,0.22768536404433204,0.5761904761904761,0.9127340528700086,1
0.13148763020833334,0.5957318152321397,2,0.282897949798156,0.26107051250572133,0.22768536404433204,0.17838248933121212,0.1754458605952275,0.5771971496437055,0.8980852762858073,1
0.1315576171875,0.5990839083611892,3,0.2769702150051518,0.2733501646240587,0.26031831476098644,0.22534695471649932,0.1875,0.5676959619952494,0.9110905117458767,1
0.13246419270833334,0.6013714218156561,2,0.2718283005869698,0.2715982787132496,0.19025065702908886,0.18917997383444157,0.17669270641427168,0.5761904761904761,0.9076204935709635,1
0.13147623697916666,0.6072969762581383,2,0.26719901290985343,0.25155764746872633,0.22568299116238247,0.18273101816604645,0.17690481197525407,0.5347721822541966,0.9294252183702257,1
0.13412434895833333,0.5814992273115381,2,0.28229251229885644,0.28136108917190383,0.2655477828941526,0.26460465793330246,0.16308069321657914,0.5789473684210527,0.9122813754611545,1
0.1341552734375,0.5617613783514851,2,0.274892024256798,0.2723996374814034,0.2492770797726899,0.24076051378911786,0.2328961678516845,0.5861244019138756,0.9164848327636719,1
0.13402018229166668,0.5831958127642697,2,0.2810944014028028,0.2723996374814034,0.2717104387026748,0.22760299866214417,0.18478450286752945,0.5714285714285714,0.892095947265625,1
0.13286295572916668,0.5975171464751824,2,0.2681941927037198,0.26669270706189174,0.2549172659903601,0.22813441761382694,0.15790127453570477,0.5322195704057279,0.9279615614149306,1
0.13414876302083334,0.5698984954087841,3,0.2712730404961024,0.25155764746872633,0.25068967370037404,0.1837457482501296,0.16048753845704034,0.5823389021479713,0.911281246609158,1
0.13638671875,0.5792737302722993,2,0.28323190586514085,0.264982310730358,0.24413111231467405,0.18895270572288717,0.16953060195728675,0.5813397129186603,0.922344970703125,1
0.13421223958333334,0.5750388775375003,2,0.27824505835683766,0.2701533129539595,0.26637614382673236,0.2527504945593579,0.226470886649918,0.5817307692307693,0.9160418192545573,1
0.13421223958333334,0.5750388775375003,2,0.27824505835683766,0.2701533129539595,0.26637614382673236,0.2527504945593579,0.226470886649918,0.5817307692307693,0.9160418192545573,1
0.13586263020833333,0.5797570512775991,2,0.28472848909092324,0.2712730404961024,0.2684591449364316,0.25520824829930555,0.22919696769372844,0.5909090909090909,0.9068948533799913,1
0.1303369140625,0.577254116086618,2,0.17943052276577695,0.16039502018454313,0.14007252585714303,0.13625573382430553,0.0528707149563915,0.5721153846153846,0.9179608662923177,1
0.1354541015625,0.5688205703037428,2,0.2718139299226587,0.25031230493125983,0.22941842232044052,0.18417467931287404,0.16579825843476162,0.5985576923076923,0.9153162638346354,1
0.1352392578125,0.587169901986418,3,0.2807356407725959,0.2801366853876871,0.27955880418974466,0.27034988903271256,0.2417546535229467,0.5875299760191847,0.8966160244411893,1
0.1339208984375,0.5740428085058883,2,0.2777166946728266,0.27139684965010186,0.2692408308559458,0.2508049540978009,0.18245290488232846,0.5942028985507246,0.9040412055121527,1
0.13554524739583335,0.593933645233069,3,0.2733501646240587,0.2513494827923861,0.1875583242620812,0.18221724671391562,0.16716851527724952,0.5855421686746988,0.9163379245334201,1
0.13305501302083333,0.5944171368739457,2,0.28126944377233726,0.27558177098639886,0.2664377272459739,0.26632921356847056,0.2477713159346739,0.585956416464891,0.9117599487304687,1
0.134150390625,0.598201519781105,2,0.25731789677362127,0.23358617253596153,0.22400474325335168,0.1710719877712304,0.16828640022295324,0.5817307692307693,0.9003648546006945,1
0.1347216796875,0.6055394204531322,2,0.28286757060504475,0.2769702150051518,0.2700462923278155,0.2548191760837477,0.23089499778037634,0.5734939759036145,0.9094143337673611,1
0.13654947916666665,0.6118704143996966,3,0.28529863739597494,0.2609028794398406,0.2605043185822454,0.23243278598338918,0.22021651277776605,0.5759036144578313,0.9058302137586806,1
0.13353190104166668,0.6101228545081357,3,0.2774042627646518,0.2688226645950821,0.25934111224408674,0.2175035919243634,0.17450823762791257,0.5665859564164649,0.9066775004069011,1
0.13466471354166668,0.614024802036409,2,0.2700260404109204,0.26354850122890094,0.26106153489168027,0.25585640504001456,0.1739701842270681,0.5552884615384616,0.9149315728081597,1
0.13328450520833332,0.6100722640244357,2,0.28201285431696194,0.27482949259495426,0.22840821460709332,0.1704497726604527,0.16796577032240825,0.5515587529976019,0.9280968560112848,1
0.1321044921875,0.6032285155814524,2,0.2787612105369038,0.2774239760727252,0.2664377272459739,0.25724805635806075,0.23845859179320839,0.5563549160671463,0.9102982415093316,1
0.1328466796875,0.6113474646093926,2,0.2779950539128349,0.2767698728185566,0.2756412977040995,0.27464181218452516,0.2656624973533148,0.5528846153846154,0.9195816887749566,1
0.13251302083333333,0.6063467711304581,2,0.27815519499013497,0.26535648192572947,0.2589793669387583,0.22724573703372303,0.17304713953140052,0.5515587529976019,0.912076907687717,1
0.1339697265625,0.5986385157494345,2,0.2836508637392102,0.2817384647150616,0.2778488797889961,0.27311284297886834,0.26910151430268836,0.5550239234449761,0.9192799038357204,1
0.13328776041666668,0.6090843504324995,2,0.2759783732468905,0.267791896815419,0.2527504945593579,0.24051052471773457,0.17493302289733634,0.5539568345323741,0.9028193155924479,1
0.13494140625,0.6116865869853918,2,0.2805184931515211,0.2738070716763904,0.27028919697242804,0.2636877888716123,0.25310570914145736,0.5469879518072289,0.9277968512641059,1
0.13177408854166667,0.6073713981350197,3,0.2768601858339332,0.26968152513659516,0.26654326571871967,0.25942243542145693,0.1825,0.5555555555555556,0.9186851501464843,1
0.13213541666666667,0.5887890457851946,3,0.2752413713452249,0.26844459391092235,0.22847319317591727,0.2271597730673281,0.1807838834077861,0.5676328502415459,0.9133202446831598,1
0.1307861328125,0.5950194748456081,2,0.274892024256798,0.27311284297886834,0.26398981987947945,0.26211877078912144,0.18725400529761707,0.572463768115942,0.9038117302788629,1
0.13272298177083333,0.5783907622033393,3,0.2701157159441116,0.2687965076038005,0.24650684574672568,0.2319011103897521,0.19767792618297064,0.587378640776699,0.9092581007215712,1
0.13099446614583332,0.5758904932953619,4,0.2784808117267687,0.2746731011584498,0.26510611083111607,0.2650029480968089,0.2589793669387583,0.583941605839416,0.9090810987684462,1
0.13199055989583333,0.5746894288893141,4,0.2752839443193155,0.2589793669387583,0.23384022322945214,0.22702216301497966,0.197895174271633,0.5883777239709443,0.9191576639811198,1
0.1305224609375,0.6110129070600246,3,0.2744226894773827,0.2717104387026748,0.26161159186855615,0.1810084597470516,0.17681204710086923,0.5509708737864077,0.9122274610731337,1
0.130478515625,0.5888843181617841,3,0.2683281572999748,0.2382520986266438,0.22568299116238247,0.18498733064726353,0.18038587112077267,0.5738498789346247,0.9127603318956163,1
0.13276692708333335,0.6148905857787895,2,0.274892024256798,0.2663233467047153,0.2594134007718183,0.25731789677362127,0.1786275804572183,0.5520581113801453,0.924100833468967,1
0.13276692708333335,0.6148905857787895,2,0.274892024256798,0.2663233467047153,0.2594134007718183,0.25731789677362127,0.1786275804572183,0.5520581113801453,0.924100833468967,1
0.13161783854166667,0.6032075190213337,4,0.27039612145887004,0.26410816912772694,0.26398981987947945,0.2516973629182475,0.23833078378589703,0.5520581113801453,0.9223648071289062,1
0.13344075520833334,0.5936411622872121,2,0.27709711745162563,0.2651886121235224,0.22950013616553694,0.22770938166882804,0.21755028154429035,0.583941605839416,0.9081452263726129,1
0.1325537109375,0.5987868539078008,4,0.27101660465735306,0.26904054062538607,0.2649793624039427,0.23471392161522928,0.20129657846073787,0.5853658536585366,0.9146686130099826,1
0.13260091145833333,0.6181522959725636,3,0.264755193527908,0.26379738910762557,0.2416770831088459,0.23028514932578695,0.1862961352256133,0.5669099756690997,0.912148200141059,1
0.13210611979166667,0.598657619117864,2,0.27780669988321016,0.2762075759279604,0.26669270706189174,0.24331692296262503,0.24034480439568484,0.5606796116504854,0.9147428724500868,1
0.13054036458333335,0.6016262602016322,2,0.2763178649671425,0.2625476147292144,0.26139649002999255,0.2594344811315566,0.256676474379714,0.5533980582524272,0.9211368984646268,1
0.13233072916666666,0.6166775382654996,2,0.27850044883267244,0.2648142037353737,0.26269040713356856,0.17660867758974927,0.17639178694032215,0.5461165048543689,0.9270151774088542,1
0.1288427734375,0.6156364711006035,3,0.2733501646240587,0.25894316461339545,0.22724573703372303,0.1848352306785695,0.1827737672643424,0.5474452554744526,0.9300978766547309,1
0.12947265625,0.6116630270968536,3,0.2673276313814193,0.26676593204530447,0.26398981987947945,0.2548345051204801,0.23801588707479174,0.5631067961165048,0.9169955783420138,1
0.13174153645833334,0.6126122035027171,3,0.2772775008903535,0.26517977392704745,0.2451434529005415,0.18779144016701083,0.18584687917745618,0.5655339805825242,0.9125508626302083,1
0.13146484375,0.6106969499931953,3,0.27946936325830063,0.26219327317839414,0.25447249360196084,0.23358617253596153,0.22911855555585192,0.5655339805825242,0.9169336954752604,1
0.13063639322916668,0.6326197644907546,3,0.2770209829597751,0.26139649002999255,0.24618336661927426,0.21740658913657607,0.18415346860702897,0.5631067961165048,0.9076160854763455,1
0.13102701822916665,0.6365483758737388,2,0.2770209829597751,0.26410816912772694,0.2626071210001739,0.25605175258138735,0.2555172450148913,0.5682926829268292,0.9084664238823785,1
0.13062662760416666,0.6349245277048194,3,0.26840384684277535,0.26257439422000006,0.2465924015455464,0.23259742582410492,0.2225877635900051,0.5612745098039216,0.9225608825683593,1
0.1334521484375,0.6268386287881105,2,0.2716414226512591,0.24950263024665692,0.22691545782515568,0.17411382771049516,0.1657181341917655,0.5756097560975609,0.9102374606662327,1
0.13332682291666667,0.634766639028586,2,0.2577122911310208,0.1852068100799752,0.18352452152232954,0.1740375318717201,0.1650236725442747,0.5693430656934306,0.9158903333875869,1
0.1323095703125,0.6243116835241803,4,0.264755193527908,0.26269040713356856,0.2277676996415427,0.2257245279095739,0.18660201633422935,0.559610705596107,0.9252767774793836,1
0.13095377604166666,0.6243539801033632,4,0.2615488721061515,0.24744948979539239,0.2314931154483865,0.20652254719521548,0.1848352306785695,0.5658536585365853,0.9101790534125433,1
0.13122884114583333,0.6004662108822258,4,0.27780669988321016,0.2673276313814193,0.2625267843478071,0.18625419458363882,0.18566182294699146,0.5936739659367397,0.9031600952148438,1
0.13095052083333333,0.6366449060336301,3,0.2757971401229534,0.2729039437237945,0.2601081505835602,0.2560395477265182,0.23384022322945214,0.5571776155717761,0.9149720085991754,1
0.13156575520833333,0.6331033294433697,4,0.2763178649671425,0.26106153489168027,0.23460405473904322,0.2303699470417094,0.18861750316447307,0.5742092457420924,0.9060597737630208,1
0.13068033854166666,0.6433029669334743,3,0.26257439422000006,0.22378142237460197,0.1859183288436081,0.17976112622032606,0.17528548142958106,0.5634146341463414,0.922283935546875,1
0.1292822265625,0.6329264211381854,3,0.25885867283133474,0.22137708214718163,0.18487326740229373,0.17220990099294525,0.16904603662907924,0.5658536585365853,0.9101107279459636,1
0.1336376953125,0.62632634847017,3,0.27753941161571993,0.2716414226512591,0.26375,0.25415607901445125,0.22497222050733284,0.5926829268292683,0.8994172837999131,1
0.13011067708333332,0.6488741700352278,3,0.2623928352680385,0.22080817466751543,0.19329381780077706,0.191049731745428,0.18697008450551655,0.5658536585365853,0.9006429884168837,1
0.1301318359375,0.6492062847631034,4,0.2727235321713182,0.2587771724862918,0.248976027962533,0.19726647586450163,0.1842637376154082,0.5728395061728395,0.907208506266276,1
0.1301318359375,0.6492062847631034,4,0.2727235321713182,0.2587771724862918,0.248976027962533,0.19726647586450163,0.1842637376154082,0.5728395061728395,0.907208506266276,1
0.13118977864583334,0.6569807722089545,3,0.2718283005869698,0.2612769124894123,0.25866242479339746,0.22321514285549715,0.2199502784722038,0.5585365853658537,0.9110040452745226,1
0.13201497395833334,0.6537649315686812,3,0.2678677378856961,0.26453969456397275,0.26375296206867516,0.25031230493125983,0.224756813022431,0.5634146341463414,0.9137310451931424,1
0.13236328125,0.6542032016732363,2,0.27257166488833723,0.2562621948317777,0.24966227187943313,0.22235247918563894,0.1960229578391266,0.5634146341463414,0.9146219041612413,1
0.134814453125,0.6527443949722211,3,0.27998325842807104,0.26375,0.2628271770574725,0.2492802138156978,0.24005207768315606,0.5644768856447688,0.9180548773871527,1
0.13466796875,0.6390916463909164,3,0.2805184931515211,0.2662529342561317,0.26543596214529785,0.26376184807511494,0.2471904630037332,0.5707317073170731,0.9100638495551215,1
0.13389973958333334,0.6297064564277239,3,0.28107494552165263,0.266062140298089,0.26501179219046084,0.26375296206867516,0.22803508501982758,0.5717761557177615,0.9068609449598525,1
0.13172688802083332,0.624661361654176,3,0.2692582403567252,0.2688517249340238,0.2612769124894123,0.2605073175555727,0.260147193911447,0.5756097560975609,0.9066719055175781,1
0.13196940104166666,0.5994263155560156,4,0.27536623340562294,0.27348731689056444,0.26838638191979863,0.26274096083405035,0.24823439024438174,0.573170731707317,0.9193976508246527,1
0.131171875,0.595152643005893,4,0.27143426920711394,0.26358407102858095,0.2496153290565305,0.18675267735697929,0.16155977995776052,0.5721271393643031,0.9159638298882379,1
0.133271484375,0.6038317453762426,3,0.26007811326599556,0.23200215516240363,0.22782257350842122,0.18791620472966133,0.16039502018454313,0.5756097560975609,0.9060332404242621,1
0.13362955729166667,0.5924178139521459,3,0.2731872068746998,0.2559907224881402,0.23351927115336757,0.22655711200489823,0.1895554008726736,0.5794621026894865,0.9182034810384114,1
0.13384602864583334,0.5991664784442874,3,0.2716414226512591,0.26955982638368053,0.2496153290565305,0.23744078209103,0.22587676396654882,0.5707317073170731,0.92252197265625,1
0.13005533854166668,0.5787270409641346,3,0.27257166488833723,0.26968152513659516,0.2631123809325589,0.22473595617969103,0.18197269712789335,0.5620437956204379,0.918560282389323,1
0.13352376302083332,0.5875060872554355,3,0.251088256396033,0.24151863282156927,0.22362426634871269,0.184293414152541,0.18309833423600555,0.5780487804878048,0.9085318671332465,1
0.1321337890625,0.589025292760437,3,0.2719604750694483,0.27194323856275593,0.26358407102858095,0.23756906890418203,0.22316613766429708,0.5536585365853659,0.9354398091634114,1
0.133115234375,0.586220737703743,3,0.2745507694398251,0.27322438123271503,0.26435357478195753,0.2220676980112146,0.18352452152232954,0.5689655172413793,0.9280967712402344,1
0.13347981770833334,0.5712355293035956,3,0.2756157878279109,0.2723537451550832,0.2718283005869698,0.2673597763314444,0.26460465793330246,0.599009900990099,0.9164564344618056,1
0.13512858072916667,0.5830144027864581,3,0.277176049650759,0.26844459391092235,0.2556272921657623,0.25274122141035876,0.22765448051817472,0.583743842364532,0.9301814609103732,1
0.13431315104166666,0.586031317686326,3,0.27056076027391707,0.2611333471619433,0.2600991397525182,0.2492770797726899,0.18276094358478237,0.5777777777777777,0.9163484361436632,1
0.1316015625,0.5789778952117033,3,0.2729039437237945,0.2684475041791225,0.2645042532739313,0.23709504950546734,0.22450292314355283,0.5689655172413793,0.9323404947916667,1
0.13223958333333333,0.5672158614912036,3,0.27359299150380295,0.26574482591388304,0.2537869431235579,0.18177080348614846,0.14917481355778528,0.5862068965517241,0.9243596394856771,1
0.13087727864583334,0.5727809555015778,3,0.2715838958774986,0.2699797446105911,0.26861042887423414,0.14651151831852674,0.13704470073665745,0.5714285714285714,0.9263914320203993,1
0.13255208333333332,0.567225720176074,4,0.2723996374814034,0.26345065951710955,0.24787219489083484,0.22497569313150254,0.1810084597470516,0.5886699507389163,0.9129074944390191,1
0.1330712890625,0.5672272405611289,4,0.26591822051149483,0.2653123159598891,0.24658289681159964,0.2238861317723811,0.2172160502817414,0.5882352941176471,0.8934606764051649,1
0.13064127604166667,0.5627528377421458,4,0.2737728300982404,0.2655477828941526,0.2427447218787671,0.18487326740229373,0.18077091856822544,0.5780487804878048,0.9081392923990885,1
0.13453450520833332,0.5496572040350842,3,0.26838638191979863,0.2523173844585426,0.2314931154483865,0.2255895055183197,0.22072678247099964,0.5975609756097561,0.9243620978461371,1
0.13124186197916668,0.5646748226528197,2,0.2749914771406561,0.26517977392704745,0.2649793624039427,0.26430332952878216,0.22233491066407002,0.5717761557177615,0.9230439080132379,1
0.13089029947916667,0.5913901002331173,2,0.272654772560467,0.2651444181950659,0.26430332952878216,0.24766724147533117,0.22450292314355283,0.5352798053527981,0.9175372653537326,1
0.13325520833333335,0.5655080952644085,3,0.2653123159598891,0.25553864678361277,0.22233491066407002,0.18077091856822544,0.15176564993436428,0.583941605839416,0.9176360236273872,1
0.13243001302083332,0.5655059772032249,3,0.2764987567783985,0.26632921356847056,0.2645308346866202,0.26393950537954713,0.23926972228010798,0.583941605839416,0.9120960659450955,1
0.13243001302083332,0.5655059772032249,3,0.2764987567783985,0.26632921356847056,0.2645308346866202,0.26393950537954713,0.23926972228010798,0.583941605839416,0.9120960659450955,1
0.134150390625,0.5690122953931972,2,0.27922325297152456,0.2739810668641175,0.25559367167439806,0.2341206953688631,0.22546133260495027,0.583941605839416,0.919696044921875,1
0.13193684895833332,0.5688202148636227,4,0.27592175068305147,0.2650972698840937,0.2560395477265182,0.25520824829930555,0.22341804985273683,0.5790754257907542,0.903629387749566,1
0.134453125,0.5772988385257244,4,0.2786406736282412,0.25790320374124864,0.2361970840209506,0.2259597585854614,0.206284088092126,0.5863746958637469,0.9043757120768229,1
0.13289388020833334,0.5760710052491956,2,0.2749914771406561,0.274892024256798,0.26534470505363394,0.2646843639129444,0.2569350598886808,0.5790754257907542,0.9095212300618489,1
0.13508463541666665,0.5849567252121451,2,0.24547466773579715,0.23246639542092962,0.18475067658874755,0.18341380809524677,0.1568538332333641,0.5829268292682926,0.9395733303493924,1
0.13654296875,0.5813640836578842,3,0.2492802138156978,0.2276270249772641,0.22426616441184347,0.21543923157122521,0.19226040283948226,0.6004901960784313,0.9118404812282986,1
0.1340966796875,0.585594166021053,2,0.27753941161571993,0.27039612145887004,0.26689475922168276,0.26429446172782356,0.25238858928247926,0.5742092457420924,0.9022332085503473,1
0.13611002604166667,0.5819728033181623,2,0.27713940535405646,0.2264191356754106,0.2134281202184942,0.2027352029125677,0.18566182294699146,0.6004901960784313,0.914628431532118,1
0.13239420572916666,0.5834636406673648,2,0.27436859331927915,0.266062140298089,0.26410816912772694,0.25790320374124864,0.22546133260495027,0.5672371638141809,0.9089862399631077,1
0.1343505859375,0.5798898458685176,3,0.266062140298089,0.24829418035870274,0.23397716234709745,0.22376396604458013,0.22278422857105482,0.5896805896805897,0.9209279378255208,1
0.13385416666666666,0.5892932636843727,4,0.2749914771406561,0.26466074982890836,0.2634654863544749,0.24857720128764826,0.23823898190682397,0.5735294117647058,0.9197678460015191,1
0.13438313802083332,0.5873502546737615,2,0.2768601858339332,0.2764987567783985,0.27101660465735306,0.250003124980469,0.2364615454994744,0.5780487804878048,0.8961706373426649,1
0.13402669270833334,0.5870451693851945,2,0.2765863337187866,0.2731872068746998,0.27194323856275593,0.2659005923272831,0.25412226388099096,0.5780487804878048,0.9145721435546875,1
0.1310791015625,0.571068959404361,4,0.27348731689056444,0.2694931585402494,0.2629668467697021,0.23801588707479174,0.23759866371678104,0.5780487804878048,0.9148201836480034,1
0.13169108072916666,0.5760019933081797,2,0.27551372470350727,0.2659005923272831,0.2643417532286566,0.23384022322945214,0.17875437057593863,0.5672371638141809,0.9289281209309895,1
0.1322412109375,0.5726963227157065,2,0.2634210033387619,0.2628271770574725,0.22266847554155483,0.17516510069074834,0.1566544764760969,0.5853658536585366,0.9122363620334202,1
0.13381022135416668,0.5874749004952016,2,0.2774239760727252,0.2676664201949882,0.2662617368305104,0.2600030047903293,0.17901204568408238,0.5721271393643031,0.9222585890028212,1
0.1313916015625,0.5722032024156336,2,0.27170756338387053,0.26517977392704745,0.26288067635336,0.2505618686073362,0.23536208806857573,0.5798525798525799,0.9216908772786458,1
0.1320849609375,0.5809465176711456,3,0.24787219489083484,0.24754103195228058,0.22316613766429708,0.18125,0.1541610359332085,0.5780487804878048,0.8991889105902777,1
0.13490397135416668,0.5716837720024278,3,0.27039612145887004,0.266554989636285,0.25101045794946475,0.2269636534778201,0.22550637463273626,0.5965770171149144,0.9126289367675782,1
0.13524088541666668,0.5798990836572753,3,0.2786406736282412,0.25310570914145736,0.25279685520195855,0.22489233535183006,0.22478114355968565,0.5878048780487805,0.9204723782009548,1
0.1340673828125,0.5828727913444052,3,0.2752839443193155,0.2727235321713182,0.26574482591388304,0.25003124804711907,0.22536775501388834,0.5794621026894865,0.9212540520562066,1
0.13509602864583334,0.5888032120537139,2,0.26904054062538607,0.25877415346204885,0.23575013255563612,0.18475067658874755,0.18305139305670415,0.5819070904645477,0.919156985812717,1
0.13369791666666667,0.5769106513280801,3,0.27536623340562294,0.23875327222888487,0.23626322714294748,0.18506755523321747,0.18077091856822544,0.5833333333333334,0.9053448994954427,1
0.13388509114583333,0.5834137138642231,2,0.2747043865685439,0.2654506780929369,0.24375,0.18584687917745618,0.1816805231718579,0.5916870415647921,0.903480953640408,1
0.05674479166666667,0.6699590691596687,4,0.18153856339632085,0.17121349975980282,0.13163040112375257,0.12743871075932933,0.10199571069412673,0.5071942446043165,0.912981923421224,0
0.0579248046875,0.6669227742068474,4,0.17338540884399703,0.16183517849960805,0.1554077298592319,0.12896826159951139,0.11236797808984551,0.5089605734767025,0.9266704983181424,0
0.06015625,0.6343104276790005,4,0.17857946410491884,0.16547752868592158,0.13836658736848284,0.12156531166414208,0.10396062956715874,0.5365853658536586,0.9035646226671007,0
0.06371744791666667,0.6194205787883104,4,0.14298710606205023,0.12166167227191972,0.10514870422406546,0.09560661587986471,0.07426725388756475,0.5536912751677853,0.9084052191840277,0
0.06549479166666666,0.6152528897315149,4,0.12522479786368193,0.11230538722608101,0.1034559084827928,0.07513529463574359,0.044756284474920395,0.5496688741721855,0.9146202087402344,0
0.06617350260416667,0.6215906311154599,4,0.1408068268941531,0.12627475004924776,0.10886488184901502,0.1025,0.07603453162872775,0.5230263157894737,0.9163087632921006,0
0.06533365885416667,0.6250058388478007,4,0.19922506117454197,0.18501689112078387,0.13901438774457844,0.1331352695569435,0.12759800155174847,0.48026315789473684,0.9419262356228298,0
0.06238444010416667,0.6103343949044586,4,0.18527850657860992,0.17085264118532087,0.16930002953337012,0.12925870376883716,0.11632390124131842,0.5102040816326531,0.9814034356011285,0
0.06238444010416667,0.6103343949044586,4,0.18527850657860992,0.17085264118532087,0.16930002953337012,0.12925870376883716,0.11632390124131842,0.5102040816326531,0.9814034356011285,0
0.06208333333333333,0.6172467919154652,4,0.17793959649274246,0.13412331080017373,0.11775238851080687,0.09676808616480953,0.09394147114027968,0.5136986301369864,0.9764788309733073,0
0.06380859375,0.6159211952679455,4,0.19265010381518097,0.16720589852035722,0.1445791305825291,0.13400093283257397,0.11738025813568481,0.5170068027210885,0.9836094326443142,0
0.06392578125,0.6227563899283314,4,0.19060758117136894,0.1765334600012134,0.16796577032240825,0.12451154564938947,0.0975,0.5119453924914675,0.9693309360080296,0
0.063828125,0.6194477791116446,4,0.14217616713078182,0.12590298844745504,0.11830178570080843,0.10014052626184865,0.09104428867315072,0.5205479452054794,0.9796115451388889,0
0.06264322916666666,0.5981505944517833,4,0.17161912772182475,0.16364977849053142,0.16064323826417343,0.10131170958976066,0.09280355596635292,0.5759717314487632,0.972235107421875,0
0.06264322916666666,0.5981505944517833,4,0.17161912772182475,0.16364977849053142,0.16064323826417343,0.10131170958976066,0.09280355596635292,0.5759717314487632,0.972235107421875,0
0.0643017578125,0.5710672005319379,4,0.18665643573153326,0.16446884203398526,0.13212801557580436,0.09598990832373994,0.09145524861920172,0.6105263157894737,0.9820458306206598,0
0.06365234375,0.577418830929144,4,0.1644403387250221,0.16347782724271817,0.13278860079088114,0.09334077351297236,0.08610495049647263,0.6091549295774648,0.9586763170030382,0
0.064375,0.5824350591977381,4,0.14275197021407446,0.09705829433902081,0.09022541216309295,0.08832645413464757,0.05857687256929991,0.5813148788927336,0.9698987325032552,0
0.06308430989583333,0.5883004720489352,4,0.18381801462315928,0.172721777723598,0.13950806428303705,0.1325294778530422,0.10311552986820172,0.5824561403508772,0.9775444030761719,0
0.064267578125,0.5943911727958333,4,0.1893450883968211,0.16487210952735457,0.16298485359075549,0.13925022441633622,0.10201868701370354,0.5789473684210527,0.9695694817437066,0
0.06482421875,0.59235242500409,4,0.165703990597692,0.13306483382171264,0.09953799525809227,0.08832645413464757,0.0877674484077098,0.5894736842105263,0.9671807183159722,0
0.06516438802083334,0.5898897925506836,4,0.1652460286966074,0.13314113751955103,0.10341814395936527,0.08779414843826437,0.08631338250816034,0.5909090909090909,0.9643304612901475,0
0.06515950520833333,0.5999310665208074,4,0.12848273230282736,0.10094088616611209,0.08669270442199851,0.08385254915624211,0.059226788702410674,0.5950704225352113,0.9799746195475261,0
0.06588704427083333,0.5951862851765813,4,0.165703990597692,0.13394261831097673,0.09705829433902081,0.08779414843826437,0.0840851502942107,0.6,0.9518563164605035,0
0.06682942708333334,0.602680209602372,4,0.16487210952735457,0.16439757449548942,0.13278860079088114,0.09070039966835867,0.08669270442199851,0.5979020979020979,0.9375657823350695,0
0.06674153645833333,0.5828192956024901,4,0.17504017396015123,0.16601957715883991,0.1344258624670119,0.09070039966835867,0.08704345179276843,0.6097560975609756,0.9391299777560764,0
0.06651692708333333,0.5870489542633878,4,0.18736661922551734,0.14133846787056947,0.13394261831097673,0.09318161031018941,0.08669270442199851,0.6083916083916084,0.9504031711154514,0
0.0658349609375,0.5963993984252898,4,0.16487210952735457,0.16326741867255695,0.09566379931823742,0.08460385629508858,0.08331041351475817,0.5929824561403508,0.9506909688313802,0
0.06555501302083333,0.6040251345960619,4,0.172721777723598,0.16415027413927763,0.16347782724271817,0.12933725294747836,0.09566379931823742,0.5880281690140845,0.958482191297743,0
0.0653466796875,0.6008980019456709,4,0.1625,0.12699040318071284,0.10094088616611209,0.0877674484077098,0.08389912097274918,0.5901060070671378,0.9514621310763889,0
0.06590657552083333,0.6047522327429135,4,0.16483419699807442,0.16137107857357835,0.10131170958976066,0.08838834764831845,0.08511940143116609,0.6,0.9778273688422309,0
0.06515462239583333,0.6016442226764458,4,0.16564740414506954,0.09782797401561578,0.08853848033482391,0.08450221890577785,0.059226788702410674,0.5915492957746479,0.9679206000434027,0
0.066005859375,0.6135063992012345,4,0.171705598336222,0.16137107857357835,0.140055792454293,0.09905806378079475,0.08715109006776679,0.5894736842105263,0.9625585767957899,0
0.06566080729166666,0.6060997596153846,4,0.16930925845918765,0.13209844813622906,0.09414085191881366,0.08705242673240075,0.08591420138719791,0.6007067137809188,0.9453790452745225,0
0.06593912760416666,0.5994466145833334,4,0.1842637376154082,0.1725407560549101,0.16387876616572383,0.16225943732183962,0.14169730060943292,0.6091549295774648,0.9667048984103732,0
0.06632486979166667,0.5966237683196439,4,0.1725,0.16225943732183962,0.0912414379544733,0.09022541216309295,0.08533024082938007,0.6056338028169014,0.9874485439724392,0
0.06622233072916667,0.5969687188215271,4,0.1725,0.1304858708826362,0.09391651878130919,0.08899613755663781,0.08254733490549528,0.6148409893992933,0.9669040256076389,0
0.06688639322916666,0.5920275448756736,4,0.17125456198303154,0.16298485359075549,0.12947610783461172,0.09145524861920172,0.08772293029761374,0.6289752650176679,0.9652342902289497,0
0.06739908854166667,0.5881350395546024,4,0.16365455233509393,0.13125595224598388,0.09391651878130919,0.08811391774288553,0.08653936965335488,0.6325088339222615,0.94718992445204,0
0.0675244140625,0.5925952377551458,4,0.1725407560549101,0.1628361906948207,0.14252740964460134,0.13125595224598388,0.09210218509894323,0.6267605633802817,0.9593446519639757,0
0.0675244140625,0.5925952377551458,4,0.1725407560549101,0.1628361906948207,0.14252740964460134,0.13125595224598388,0.09210218509894323,0.6267605633802817,0.9593446519639757,0
0.06709309895833333,0.6149691933582969,4,0.16367841946939737,0.13880066642491312,0.0982980162566875,0.08800745707040968,0.08341350310351435,0.5880281690140845,0.9530782911512586,0
0.06685546875,0.6162848269343296,4,0.12952437029377908,0.09970268301304634,0.08704345179276843,0.08450221890577785,0.05927952850689688,0.5915492957746479,0.9553259107801649,0
0.06709309895833333,0.6116114482410718,4,0.18355006129119109,0.17868442853253888,0.16446884203398526,0.1625,0.09475296829123613,0.6035087719298246,0.9700309753417968,0
0.0675,0.6162166981174129,4,0.1712910534733207,0.1615549442140351,0.13306483382171264,0.09494241675879123,0.09145524861920172,0.5985915492957746,0.9650109185112847,0
0.0675,0.6162166981174129,4,0.1712910534733207,0.1615549442140351,0.13306483382171264,0.09494241675879123,0.09145524861920172,0.5985915492957746,0.9650109185112847,0
0.067294921875,0.6169019128047507,4,0.16489106252310948,0.1325294778530422,0.12905909499140308,0.09196636613458205,0.0912414379544733,0.5964912280701754,0.9722867329915365,0
0.0680615234375,0.5787980290111837,4,0.16614188213692535,0.13811792968329636,0.0877674484077098,0.08356322456679134,0.0811730404752711,0.6538461538461539,0.9783618503146702,0
0.06832682291666667,0.5728946326951158,4,0.17286645857424163,0.16614188213692535,0.09193238004098447,0.08151878617840184,0.0797358921690853,0.6596491228070176,0.9853804694281684,0
0.06863118489583334,0.5612164770080522,4,0.16413599544280344,0.1384061053566641,0.1346291201783626,0.09193238004098447,0.08225341938181051,0.6713286713286714,0.9846182081434461,0
0.06906412760416666,0.5640660932909727,4,0.1384061053566641,0.1353005912773481,0.0934160719576669,0.07831227553838542,0.07828234155925588,0.6724738675958188,0.9896450466579861,0
0.06897786458333334,0.5751275648680925,4,0.16626879592996396,0.09168560410446125,0.0797358921690853,0.07905694150420949,0.05857687256929991,0.6493055555555556,0.9291147867838542,0
0.068564453125,0.5825750242013553,4,0.1414213562373095,0.08653936965335488,0.0799413847765974,0.07905694150420949,0.05857687256929991,0.6354166666666666,0.9776302761501736,0
0.0692333984375,0.5944574878416904,4,0.13428049001995784,0.08877640452282351,0.08653936965335488,0.07875992001011682,0.05826931010403333,0.6284722222222222,0.9715536329481337,0
0.06886393229166667,0.5784163613495926,4,0.17439628006353802,0.16772838906994847,0.1655011329266359,0.0833854004007896,0.08097067370350823,0.6354166666666666,0.9818670484754775,0
0.06977213541666667,0.5658843097394197,4,0.16700018712564366,0.16666302079345616,0.13935678132046536,0.13726115619504303,0.08610495049647263,0.6666666666666666,0.967012702094184,0
0.07010416666666666,0.5573210496351121,4,0.17564168070250297,0.16915691679621025,0.14230798466705935,0.1383496476323666,0.08488963423174824,0.6782006920415224,0.9765268113878038,0
0.07036946614583334,0.5557055088558135,4,0.18973665961010278,0.17575284492718743,0.14252192813739226,0.13925022441633622,0.08853848033482391,0.6851211072664359,0.9550941467285157,0
0.07028157552083333,0.5565063858853248,4,0.19013564237143968,0.16915691679621025,0.08610495049647263,0.08202514858261459,0.07906682300434235,0.6793103448275862,0.9144905938042535,0
0.069091796875,0.6047956232458077,4,0.17660867758974927,0.14407571794025528,0.13119641763401926,0.1275,0.08531192765375778,0.603448275862069,0.9892435709635417,0
0.06998046875,0.6441734336139994,4,0.19368950668531323,0.165628537698067,0.16523657282817264,0.16500473478055105,0.12415338295833907,0.5586206896551724,0.9667375352647569,0
0.06858072916666667,0.7752285982374478,2,0.1628361906948207,0.15933945682096445,0.13101168840985142,0.12175795661885921,0.11294356998076518,0.4068965517241379,0.9658507453070746,0
0.06660481770833333,0.8038422251905398,2,0.16625469918170732,0.1313511514985689,0.1302701519919279,0.12522479786368193,0.11571786811033118,0.3758620689655172,0.9697535196940105,0
0.0638232421875,0.8461106915524867,0,0.1861996576258936,0.17375449634469894,0.16262014789072107,0.15855795470426579,0.15737097890017715,0.36551724137931035,0.9635263231065538,0
0.0621923828125,0.8422827668297844,0,0.1691245842566952,0.16095418602819872,0.1372953021774598,0.11308873728183545,0.08927660667834549,0.3797909407665505,0.9524478488498264,0
0.06712565104166666,0.7587107693439789,3,0.1763209077222551,0.12809298380473458,0.12779989240997036,0.12655285457072868,0.1255114536606122,0.4329896907216495,0.9596739874945747,0
0.06997395833333334,0.6811800868270115,4,0.16666302079345616,0.13798210934755273,0.12950024131251647,0.12377524994925278,0.11443475215160821,0.5034246575342466,0.9627974616156684,0
0.07001627604166667,0.6463040865384615,4,0.16707969655227412,0.1664425576587911,0.11333716292549413,0.0877674484077098,0.08163370933627848,0.5426621160409556,0.9525071038140192,0
0.070283203125,0.609235457610858,4,0.10854146673046206,0.08450221890577785,0.08139410298049853,0.059542526819072766,0.0584433486378048,0.603448275862069,0.9657357957628038,0
0.0702685546875,0.5961145476637578,4,0.17660867758974927,0.1687546295661248,0.16842097553452184,0.13771006680704212,0.10625,0.6151202749140894,0.9616299947102864,0
0.07004069010416666,0.5816921018126766,4,0.17660867758974927,0.1762677296047124,0.14323276510631217,0.13857534051915585,0.09391651878130919,0.6357388316151202,0.9449528164333767,0
0.0694482421875,0.5617076734726116,4,0.18224725649512533,0.1680773631397161,0.1411171942039665,0.13794246989234316,0.09560661587986471,0.6736111111111112,0.9767212761773003,0
0.06971516927083334,0.5542142173226716,4,0.1767855339104419,0.1680773631397161,0.14763235587092688,0.09438120840506334,0.08344159634139318,0.6793103448275862,0.9710432264539931,0
0.06947102864583334,0.5469164434990966,4,0.1680773631397161,0.16741602372532924,0.14682046860026024,0.142000220070252,0.09438120840506334,0.7003484320557491,0.0029037654399871825,0
0.06970865885416666,0.5474194125616708,4,0.14283950784009306,0.141448974899078,0.09193238004098447,0.07977507442804425,0.0797358921690853,0.712280701754386,0.9875820583767361,0
0.06996256510416667,0.5576167187722962,4,0.16905990062696713,0.14121127787822046,0.09145524861920172,0.08182488924526571,0.07893826701923472,0.6947368421052632,0.9830445183648003,0
0.07026692708333333,0.5639344262295082,4,0.18545973282629305,0.16692532012849337,0.14586487754082544,0.14073467945037568,0.09145524861920172,0.6912280701754386,0.9550307379828559,0
0.06977376302083334,0.5609583753156855,4,0.18736661922551734,0.1741990599859827,0.09291292967074066,0.08079681305596155,0.07893826701923472,0.6842105263157895,0.9577088250054253,0
0.07060221354166667,0.5629558491447556,4,0.16614188213692535,0.1467672477087446,0.1409842633062286,0.1396983357094851,0.09145524861920172,0.7007042253521126,0.9474494934082032,0
0.07038736979166667,0.571024902949798,4,0.145,0.14007252585714303,0.09514791116992533,0.08494483504016002,0.08163370933627848,0.6713286713286714,0.9314202202690972,0
0.06997395833333334,0.6020192401943624,4,0.17382192755806156,0.13346933168334962,0.1308684931524773,0.09617692030835671,0.081891696770796,0.627177700348432,0.9832461886935764,0
0.07006998697916667,0.5933812989304224,4,0.19054199012291229,0.14414077320453086,0.1414213562373095,0.1346291201783626,0.0924746586909084,0.6376306620209059,0.963603040907118,0
0.06974772135416667,0.5833514838007079,4,0.13562932020768959,0.09514791116992533,0.08163370933627848,0.07804245639393984,0.05767635997529664,0.6538461538461539,0.9546685112847222,0
0.069658203125,0.5932137609846699,4,0.17278961195627474,0.16500473478055105,0.14318912319027588,0.12848273230282736,0.09617692030835671,0.6363636363636364,0.964788309733073,0
0.06889973958333333,0.615317528380598,4,0.16413599544280344,0.16405505935508358,0.13200378782444086,0.10995737810624623,0.08016584372411982,0.6083916083916084,0.9525599161783854,0
0.06853678385416667,0.605014367816092,4,0.10482872936366253,0.08163370933627848,0.07738903346082053,0.058763296367715795,0.05745922467280602,0.6197183098591549,0.9615045335557726,0
0.068330078125,0.5974639588996257,4,0.16483419699807442,0.10217937658842903,0.08040911018037696,0.07738903346082053,0.06350442897940269,0.6197183098591549,0.9500790066189236,0
0.06722330729166667,0.6154373416778424,4,0.14067360271209378,0.11226364059658853,0.09705829433902081,0.08285906709588275,0.07846177413237608,0.5845070422535211,0.9792085435655382,0
0.067958984375,0.6150967855985386,4,0.1837457482501296,0.1755348968154196,0.14243968021587242,0.09598990832373994,0.08139410298049853,0.6183745583038869,0.974751705593533,0
0.06861328125,0.6015153460896365,4,0.14237384766873443,0.1300540752917801,0.10235508047967136,0.08385254915624211,0.07661796460360977,0.6338028169014085,0.9793963114420573,0
0.06860188802083333,0.5926462317210349,4,0.1646255220189142,0.16415027413927763,0.1346291201783626,0.0912414379544733,0.08385254915624211,0.6373239436619719,0.9865175035264757,0
0.0686328125,0.5825033498639334,4,0.18582585934148133,0.16512306017028633,0.14407571794025528,0.13798210934755273,0.13430957709709312,0.6619718309859155,0.9454778883192274,0
0.06922526041666667,0.5764627749691655,4,0.17375449634469894,0.16626879592996396,0.16620770138594662,0.14407571794025528,0.13958084574897803,0.6666666666666666,0.959173838297526,0
0.06928548177083334,0.5765344818245842,4,0.16596780561301638,0.16512306017028633,0.13914920050075746,0.09315645441943354,0.08216789214772398,0.6749116607773852,0.940510982937283,0
0.06928548177083334,0.5765344818245842,4,0.16596780561301638,0.16512306017028633,0.13914920050075746,0.09315645441943354,0.08216789214772398,0.6749116607773852,0.940510982937283,0
0.0700146484375,0.572903071145087,4,0.16528857341026332,0.16397884772128385,0.13805003621875656,0.13532368602724357,0.09414085191881366,0.676056338028169,0.9647243075900608,0
0.07022135416666667,0.5771927008080484,4,0.09438120840506334,0.08285906709588275,0.0811730404752711,0.06037642337866661,0.060104076400856535,0.6713780918727915,0.969527096218533,0
0.06950032552083334,0.6019057553246973,4,0.13558323089526964,0.13192090433286152,0.09953799525809227,0.08433563896716499,0.0791063366614837,0.6360424028268551,0.935087161593967,0
0.06972981770833334,0.607515598411798,4,0.1857838125348923,0.172721777723598,0.16225943732183962,0.13482048249431539,0.13192090433286152,0.6338028169014085,0.946881103515625,0
0.06990234375,0.6078120577412963,4,0.16380247250881166,0.13439680055715614,0.13098186897429737,0.10217937658842903,0.08678277478854891,0.6302816901408451,0.9593392266167535,0
0.0700146484375,0.589863836439179,4,0.1846322358094599,0.16489106252310948,0.13598023753472416,0.0912414379544733,0.08285906709588275,0.657243816254417,0.9847932603624132,0
0.0700439453125,0.5793072812201328,4,0.17295230556427976,0.1673740197880185,0.1646255220189142,0.13262376295370298,0.09291292967074066,0.6725352112676056,0.9844301011827257,0
0.06947102864583334,0.5846025310907796,4,0.16576055773313506,0.13720992128851325,0.10275121653781039,0.0811730404752711,0.07558108228915487,0.6808510638297872,0.9654858059353298,0
0.06831868489583333,0.5922315029064845,4,0.15941788638669124,0.13966477723463422,0.13445491809524857,0.10094088616611209,0.0826230143483037,0.6548042704626335,0.9668309529622395,0
0.0685009765625,0.586439449886438,4,0.1725407560549101,0.14505386930378658,0.09475296829123613,0.08016584372411982,0.07871030745715583,0.6537102473498233,0.9582110087076823,0
0.06787272135416667,0.5754322537912763,4,0.1818309654596818,0.1644403387250221,0.14407571794025528,0.08962595885121676,0.07796233064756337,0.6725978647686833,0.9784771389431424,0
0.068212890625,0.5722517306825785,4,0.1700735135169495,0.13419319095989932,0.09457966219013474,0.07945124291035352,0.07593171274243721,0.6785714285714286,0.9703700595431858,0
0.0682373046875,0.5677201819954502,4,0.16446884203398526,0.09086390922693123,0.07796233064756337,0.07593171274243721,0.06930458137814556,0.6845878136200717,0.9604806688096789,0
0.06693196614583333,0.5739587985707906,4,0.1346291201783626,0.13262376295370298,0.08857376869028437,0.07771140521184776,0.07384527743870965,0.6859205776173285,0.9632191128200955,0
0.06580891927083334,0.5902196919932852,4,0.16891658444332813,0.16093962377239485,0.16088136156808222,0.0873391378478171,0.0742988055085679,0.6618181818181819,0.9655081854926215,0
0.06591796875,0.596605974898356,4,0.1601025062264798,0.1414655435079511,0.12895008724308796,0.12704575947271912,0.12502499750049986,0.656934306569343,0.9790442572699652,0
0.06539225260416667,0.5955854012867265,4,0.16641908694617935,0.15816328587886633,0.15811388300841897,0.15484871649451926,0.12811127975318956,0.6496350364963503,0.963147226969401,0
0.06507975260416667,0.6031738848410795,4,0.16055567570160825,0.1399330196915653,0.08558621384311844,0.0824621125123532,0.07288689868556625,0.6373626373626373,0.9554823981391058,0
0.06537272135416666,0.5997909355633539,4,0.16751865567750954,0.15811388300841897,0.13798777119730574,0.08698060128557401,0.08003905296791061,0.6363636363636364,0.9470730251736111,0
0.06283528645833333,0.6456932597424319,4,0.1651703665915893,0.1541610359332085,0.1293493332027653,0.10612492638395561,0.10007809450624049,0.5799256505576208,0.9663141038682725,0
0.059557291666666665,0.6970435842730874,4,0.15892706660603786,0.11171951485752166,0.10341814395936527,0.1017656621852381,0.09729144361145023,0.5134099616858238,0.9622901068793402,0
0.059557291666666665,0.6970435842730874,4,0.15892706660603786,0.11171951485752166,0.10341814395936527,0.1017656621852381,0.09729144361145023,0.5134099616858238,0.9622901068793402,0
0.06534342447916666,0.6428765872952329,4,0.16750466411416728,0.15831140198987564,0.10547511554864494,0.08095137429346089,0.07225173008309213,0.5890909090909091,0.9568175421820746,0
0.06578938802083334,0.6346322929096276,4,0.18434003905825777,0.1576586502542756,0.12605802235478708,0.10162738312088923,0.0824621125123532,0.5942028985507246,0.9352195739746094,0
0.06642578125,0.6390554781328782,4,0.1591824817622844,0.15709272739372757,0.13491895715576815,0.10536395256443258,0.08003905296791061,0.5963636363636363,0.934596930609809,0
0.0666748046875,0.6434461635121338,4,0.15780228927363507,0.1571325077760805,0.095524865872714,0.07852149387269705,0.0710743448791475,0.5963636363636363,0.9491722954644097,0
0.06740885416666667,0.6176238125773595,4,0.16246634266825852,0.1604388512798568,0.08946018667541444,0.07730823048033114,0.07420411039827915,0.6187050359712231,0.9543172200520833,0
0.06818196614583333,0.5937437990758851,4,0.16298006013006622,0.14318912319027588,0.0873391378478171,0.07945124291035352,0.07558108228915487,0.658273381294964,0.951426527235243,0
0.06835286458333334,0.6081793431037479,4,0.16329134239144463,0.13022216593191804,0.08838834764831845,0.0791063366614837,0.07852149387269705,0.6263345195729537,0.9657855563693576,0
0.0678759765625,0.6230186593363909,4,0.16891658444332813,0.1687546295661248,0.16211492836873476,0.1398324890717461,0.12466204314064486,0.6071428571428571,0.9478524102105035,0
0.06842936197916667,0.6383401910025356,4,0.18347343131908772,0.1604388512798568,0.1598827695531948,0.12395185557304095,0.08574125319821257,0.6057347670250897,0.9586218939887152,0
0.068759765625,0.6351158350496865,4,0.18712044917645962,0.1604388512798568,0.08326351241690444,0.08254733490549528,0.07609615627612212,0.60431654676259,0.9498402065700955,0
0.06841796875,0.6318257654326555,4,0.1687546295661248,0.16045345898421762,0.12377524994925278,0.08450221890577785,0.07976528066771908,0.6057347670250897,0.9393790351019965,0
0.06667643229166667,0.6469677826910929,4,0.18341380809524677,0.15954035539636985,0.15892215075312818,0.15890248582070704,0.12605802235478708,0.5863309352517986,0.9616481357150608,0
0.03841634114583333,0.7973178394081681,2,0.19006577808748212,0.18889894785307831,0.16671926253435743,0.14027317099146222,0.10643366478704001,0.29136690647482016,0.9691714816623264,0
0.05391927083333333,0.6846608523126524,3,0.13070123373556963,0.11399698460924305,0.10443299287102711,0.08918029490868484,0.07710585256645568,0.40714285714285714,0.9876702202690972,0
0.05391927083333333,0.6846608523126524,3,0.13070123373556963,0.11399698460924305,0.10443299287102711,0.08918029490868484,0.07710585256645568,0.40714285714285714,0.9876702202690972,0
0.06016927083333334,0.6541040748801246,4,0.16175309116057104,0.16039502018454313,0.09770011514834566,0.09340770846134702,0.07158910531638177,0.4946236559139785,0.003438557187716166,0
0.06506022135416667,0.6600452436386454,4,0.1741048534648015,0.17379046291439587,0.1620233393681293,0.13601470508735444,0.0940495215298834,0.5357142857142857,0.014382749133639865,0
0.06673014322916666,0.6632210682972597,4,0.16318126424317225,0.1625,0.09778803607803972,0.0874017305320667,0.07772145778354907,0.5480427046263345,0.01422184043460422,0
0.06709798177083333,0.6644156848840396,4,0.16134687012768484,0.11867102637122509,0.10287279766779943,0.08225341938181051,0.07420411039827915,0.5535714285714286,0.017234214146931968,0
0.067998046875,0.6652971526848844,4,0.17261318750315688,0.165628537698067,0.12186698691606353,0.09913690029449176,0.08465001476668506,0.5591397849462365,0.01668217182159424,0
0.06737141927083333,0.6510790235308922,4,0.16134687012768484,0.13650206042400972,0.08906633763661781,0.08225341938181051,0.07846177413237608,0.5678571428571428,0.020447913805643717,0
0.06755208333333333,0.6496572018908681,4,0.17507141400011597,0.17434251489524866,0.17241392780167153,0.1628361906948207,0.08296271753022559,0.5714285714285714,0.019023342927296957,0
0.06807291666666666,0.6453723420670926,4,0.17382192755806156,0.16601957715883991,0.16386923140113885,0.08398288516120413,0.08051591457593958,0.5714285714285714,0.013734083705478245,0
0.07007649739583334,0.6459380391568524,4,0.16720589852035722,0.1667708008015792,0.16641908694617935,0.09529559276272959,0.08553142697278002,0.5664335664335665,0.018617537286546495,0
0.0700439453125,0.6397734368031398,4,0.08782084035125148,0.08721381771256205,0.08345095865237258,0.07593171274243721,0.07178527007680616,0.5679442508710801,0.047857374615139434,0
0.07010579427083333,0.6378539272598034,4,0.16772838906994847,0.09529559276272959,0.08070006195784486,0.0791063366614837,0.0788293251271378,0.5679442508710801,0.020097482204437255,0
0.07043294270833333,0.6338655339094771,4,0.1688564479076828,0.0941574479263324,0.07950039308078923,0.07551903733496608,0.07050044326101787,0.578397212543554,0.014107139905293782,0
0.05483235677083333,0.7500111313949864,2,0.18542181640788657,0.18322203060767556,0.13134520356678428,0.11987623826263485,0.11348182673891005,0.34494773519163763,0.992726304796007,0
0.04758951822916667,0.7435219326128417,2,0.16643786378105194,0.16175309116057104,0.15103807466993216,0.13134520356678428,0.09107860615973434,0.3404255319148936,0.9848326789008246,0
0.0696826171875,0.6782687219784224,4,0.13932874793092773,0.12465577603945997,0.11463256518110375,0.08186307165016471,0.07520804478245662,0.5714285714285714,0.980143568250868,0
0.072861328125,0.6547608600263274,4,0.1701148509096134,0.16535000755972162,0.16183517849960805,0.13321153290912915,0.13050383136138188,0.6192170818505338,0.9587493048773872,0
0.0726953125,0.6575294065688165,4,0.13281801459139495,0.11225668131563485,0.09287928994129961,0.07775160770041993,0.07625,0.6178571428571429,0.9421702914767796,0
0.07234537760416666,0.6604704378965512,4,0.1602000702247037,0.13044395348194565,0.10961580634196876,0.08467769777219974,0.07730823048033114,0.6093189964157706,0.9526407029893663,0
0.07270670572916667,0.6744930468525873,4,0.18523633552842703,0.1633487450211969,0.1610560849517956,0.14125553086516648,0.13346933168334962,0.6101083032490975,0.9399324205186632,0
0.0729736328125,0.6733700794497094,4,0.1688240578235223,0.16128875503270523,0.13550830232867653,0.13346933168334962,0.10536395256443258,0.60431654676259,0.9324463738335503,0
0.0731201171875,0.6659107079331199,4,0.1616032951396722,0.13255305541555804,0.1240022681244178,0.10920880230091345,0.09222933372848358,0.6115107913669064,0.9414565192328559,0
0.07380696614583333,0.6586825477521969,4,0.13445491809524857,0.13170160401452974,0.10547511554864494,0.09291292967074066,0.08403868156985805,0.6156583629893239,0.93236329820421,0
0.0736962890625,0.6590158208042849,4,0.18875413902746607,0.1298075498574717,0.10933034802834939,0.09690523721657153,0.0797358921690853,0.6099290780141844,0.9348645528157552,0
0.072373046875,0.6596937867188891,4,0.17001838135919303,0.16221128197508336,0.16039502018454313,0.15900078616157845,0.13255305541555804,0.608540925266904,0.9409275478786893,0
0.07135416666666666,0.6582286083209465,4,0.1600439392791867,0.13958084574897803,0.13,0.10822430410956681,0.07730823048033114,0.6079136690647482,0.9380858527289496,0
0.07100748697916667,0.6802688205576,4,0.16625469918170732,0.15798041809034435,0.13726115619504303,0.1296630247988994,0.12740192306240908,0.6153846153846154,0.9432036505805121,0
0.07173502604166666,0.6768432206643427,4,0.15768342493743595,0.12554879529489718,0.12063633366444787,0.11597413504743201,0.10643366478704001,0.6479400749063671,0.8994969685872396,0
0.07183919270833333,0.6933505081763772,4,0.16652702483380888,0.1656804152578089,0.15597475757314067,0.15569401080324188,0.15542281042369552,0.6653992395437263,0.8936947292751736,0
0.07228515625,0.6923148869836321,4,0.16422640622019347,0.15597475757314067,0.15470233514721102,0.1542775502138921,0.12355413793151568,0.685823754789272,0.8995687696668837,0
0.07224446614583334,0.685969060534409,4,0.1556689195054684,0.12380049474860753,0.11614242334306617,0.10375752984723567,0.08854730374212419,0.6946564885496184,0.8744801839192708,0
0.0732763671875,0.693633870520445,4,0.1690044378115557,0.15865154427234548,0.12691655723348313,0.12432945145861458,0.12232768492863748,0.6792452830188679,0.9028399997287326,0
0.07460774739583333,0.6922228933856841,4,0.1668176399545324,0.15787653403846943,0.13601470508735444,0.12355413793151568,0.09900284086833064,0.6931818181818182,0.9042428758409288,0
0.07460774739583333,0.6922228933856841,4,0.1668176399545324,0.15787653403846943,0.13601470508735444,0.12355413793151568,0.09900284086833064,0.6931818181818182,0.9042428758409288,0
0.06679036458333333,0.6991872689168697,2,0.16915691679621025,0.15674920254980565,0.11497961775897501,0.11381179640090038,0.09013878188659973,0.668,0.9056726243760851,1
0.06656412760416666,0.6902330762350003,2,0.16204262556500373,0.11502717070327341,0.09031195934094222,0.08296271753022559,0.07225173008309213,0.68,0.8869543287489149,1
0.06668619791666666,0.6911839130874861,2,0.16584066147962628,0.1652460286966074,0.1574503890119043,0.11738025813568481,0.11672617529928753,0.6706349206349206,0.9033793131510417,1
0.06706868489583333,0.677791302059346,2,0.16625469918170732,0.15969697868150168,0.11510864433221338,0.11350247794651885,0.08782084035125148,0.66015625,0.8943437364366319,1
0.0664892578125,0.6720793642959381,2,0.16140012391568972,0.13530636533437737,0.1179578844333858,0.11667931479058316,0.116202947466921,0.6589147286821705,0.8948488023546007,1
0.0664892578125,0.6720793642959381,2,0.16140012391568972,0.13530636533437737,0.1179578844333858,0.11667931479058316,0.116202947466921,0.6589147286821705,0.8948488023546007,1
0.06555501302083333,0.666881912709451,2,0.1601025062264798,0.1176860229593982,0.11732700030257315,0.08450221890577785,0.08360995754095323,0.6436781609195402,0.890277608235677,1
0.0634033203125,0.6597510373443983,2,0.1691753897586762,0.16055567570160825,0.1122775578644281,0.09166856058649551,0.08729440130959144,0.6052631578947368,0.8882267422146267,1
0.06228841145833333,0.6688220901782593,2,0.11463256518110375,0.1135300070465954,0.09664690890038853,0.08832645413464757,0.07400380057807843,0.5708955223880597,0.9193271213107639,1
0.06119140625,0.655245133067257,2,0.17644049988593888,0.0941574479263324,0.08609587678861282,0.07198090024443984,0.06490377492873585,0.562962962962963,0.9232044643825955,1
0.060462239583333334,0.6498268201378442,2,0.17132297715134417,0.11308873728183545,0.09637978263100618,0.09011277656359279,0.07905694150420949,0.5474452554744526,0.9217114766438802,1
0.05952311197916667,0.6424305238379651,2,0.17132297715134417,0.16313338101075453,0.11276358011343911,0.11237493047828773,0.09770011514834566,0.5364963503649635,0.9120981852213542,1
0.0588623046875,0.6495267515580381,2,0.16128875503270523,0.13353955406545284,0.11183833197969291,0.09520537012164806,0.09192388155425117,0.5444444444444444,0.8917127821180556,1
0.057633463541666666,0.6644773878776505,2,0.15798041809034435,0.11108133281519446,0.10854146673046206,0.08906633763661781,0.08385254915624211,0.5752895752895753,0.9082282172309027,1
0.057841796875,0.6846607328632528,2,0.15556851384518655,0.09442258734010629,0.09438120840506334,0.09031195934094222,0.08889952193347274,0.5603112840466926,0.9426975674099393,1
0.057841796875,0.6846607328632528,2,0.15556851384518655,0.09442258734010629,0.09438120840506334,0.09031195934094222,0.08889952193347274,0.5603112840466926,0.9426975674099393,1
0.05751790364583333,0.6841483718589073,2,0.16082307825682232,0.15402921800749364,0.15371442677901123,0.10077822185373186,0.09585959785018922,0.5486381322957199,0.945542229546441,1
0.056731770833333334,0.684605413049456,2,0.10547511554864494,0.09729144361145023,0.09056247843339978,0.06792689084596763,0.06443261984429936,0.5573122529644269,0.9238905164930555,1
0.0569482421875,0.6860857288521118,2,0.15752479963485114,0.15371442677901123,0.10796411440844592,0.09705829433902081,0.09686491883029687,0.5612648221343873,0.9326681349012587,1
0.05619140625,0.6804099329917225,2,0.15281218047001358,0.10423081358216484,0.0989002022242624,0.0933575117491892,0.09334077351297236,0.547244094488189,0.91424560546875,1
0.05623860677083333,0.6796152787065812,2,0.10423081358216484,0.10124228365658293,0.09168560410446125,0.06792689084596763,0.06645016930001006,0.5511811023622047,0.935009256998698,1
0.05584635416666667,0.67788841473052,2,0.15219231255224425,0.10325938214031691,0.10286520305720492,0.09792375860841944,0.09617692030835671,0.5551181102362205,0.9526566399468316,1
0.056181640625,0.6871852043558758,2,0.1525051228647746,0.10450029904263433,0.1034559084827928,0.09735566239310377,0.0894863816454772,0.5511811023622047,0.9386410183376737,1
0.05621419270833333,0.6738464540044874,2,0.16712644913358268,0.1582126733229674,0.1525051228647746,0.10201868701370354,0.10168118065797623,0.5607843137254902,0.9398410373263889,1
0.05606282552083333,0.6871683357937997,2,0.15833607453767445,0.15786168787897842,0.10045210301432221,0.09598990832373994,0.09566379931823742,0.5607843137254902,0.9598308987087674,1
0.05606282552083333,0.6871683357937997,2,0.15833607453767445,0.15786168787897842,0.10045210301432221,0.09598990832373994,0.09566379931823742,0.5607843137254902,0.9598308987087674,1
0.056437174479166664,0.6681375004817142,2,0.15195599692016107,0.12787933765859127,0.09792375860841944,0.095818839483684,0.08729440130959144,0.5686274509803921,0.9522883945041233,1
0.05694173177083333,0.6754773811132778,2,0.16766782637107217,0.15833607453767445,0.15315943490363237,0.10521555255759482,0.10201868701370354,0.5703125,0.9096756829155817,1
0.056544596354166664,0.6706238900471007,2,0.15129648046137756,0.10586695660119828,0.10563054719161498,0.09976534969617458,0.0982980162566875,0.57421875,0.93498780992296,1
0.056611328125,0.6657224338239516,2,0.15861214486917452,0.15219231255224425,0.10065411069598698,0.10063082281289366,0.09598990832373994,0.57421875,0.9382111443413629,1
0.056573893229166665,0.6614965934609676,2,0.16070158679988197,0.15524174696260024,0.12787933765859127,0.10933034802834939,0.1067268710306828,0.5775193798449613,0.9224774678548177,1
0.05663736979166667,0.6482126557755714,2,0.15470233514721102,0.11075028216668344,0.10800028935146423,0.098146892462268,0.08280247580839598,0.5891472868217055,0.9168408711751302,1
0.056925455729166664,0.6464162939415222,2,0.1304379641822119,0.10800028935146423,0.09194087774216646,0.08280247580839598,0.07133766536690138,0.5930232558139535,0.9004703945583767,1
0.05667643229166667,0.6425078878904736,2,0.16576055773313506,0.16413599544280344,0.1285313677667829,0.11236102527122116,0.11017741374710154,0.5945945945945946,0.9014947679307725,1
0.0565087890625,0.6363686352139009,2,0.16606662819483028,0.11397642300054868,0.11183833197969291,0.11075028216668344,0.09334077351297236,0.6046511627906976,0.9375617133246528,1
0.0565087890625,0.6363686352139009,2,0.16606662819483028,0.11397642300054868,0.11183833197969291,0.11075028216668344,0.09334077351297236,0.6046511627906976,0.9375617133246528,1
0.05634765625,0.6401272118780393,2,0.15436361294035586,0.1275857554745043,0.11164956336681303,0.10800028935146423,0.09086390922693123,0.5930232558139535,0.9085161844889323,1
0.056290690104166666,0.6405104081783836,2,0.15590461827668864,0.11281206717368493,0.09210218509894323,0.08125,0.06800735254367722,0.5968992248062015,0.9156284756130643,1
0.05643229166666667,0.6318705350634203,2,0.16233645616435022,0.11164956336681303,0.11029789209227889,0.09210218509894323,0.08296271753022559,0.5945945945945946,0.9162178887261285,1
0.05625,0.6368980705084496,2,0.16504260813499042,0.1621968325831303,0.15696834872037102,0.13029413839463386,0.11002840542332694,0.5984555984555985,0.9063385009765625,1
0.0561767578125,0.6232844553597227,2,0.11192212694547937,0.11029789209227889,0.1079351657246145,0.08544918080356301,0.08280247580839598,0.5961538461538461,0.8901558770073785,1
0.05622884114583333,0.6248553031399219,2,0.16759791913982702,0.16281220009569305,0.15660459763365825,0.11075028216668344,0.10915155747858113,0.5961538461538461,0.9268791198730468,1
0.056261393229166665,0.6237729175689332,2,0.15524174696260024,0.11108133281519446,0.10854146673046206,0.10643366478704001,0.08918029490868484,0.5968992248062015,0.9058458964029948,1
0.0557958984375,0.630327657853124,2,0.15863184579396408,0.1561349576488238,0.10724533789400825,0.09928651721155295,0.09705829433902081,0.5984251968503937,0.9687750922309027,1
0.0558056640625,0.621388959367864,2,0.1561349576488238,0.09782797401561578,0.08931160338948124,0.07612694989292557,0.07160001745809842,0.6150793650793651,0.9371554904513889,1
0.05556315104166667,0.6181396780560233,2,0.15934435979977452,0.15505039503335682,0.10724533789400825,0.09637978263100618,0.08558621384311844,0.6181102362204725,0.9393143547905816,1
0.05556315104166667,0.6181396780560233,2,0.15934435979977452,0.15505039503335682,0.10724533789400825,0.09637978263100618,0.08558621384311844,0.6181102362204725,0.9393143547905816,1
0.05486979166666667,0.6131238178379165,2,0.16459229933383882,0.159103936154955,0.13172532975855478,0.10554175713905847,0.10338792240876109,0.6284584980237155,0.9399867587619357,1
0.054606119791666664,0.6191064936982156,2,0.1601025062264798,0.10554175713905847,0.07786205751198719,0.07037844130129624,0.06336895927818288,0.6294820717131474,0.9316568162706164,1
0.0552783203125,0.6163436411149826,2,0.1556689195054684,0.15337861650177967,0.1044030650891055,0.08159541960183794,0.0710743448791475,0.64,0.9678815205891927,1
0.05556640625,0.6183214402144384,2,0.159103936154955,0.157147422823284,0.15456086988626844,0.10560095880246542,0.0980114789195633,0.6294820717131474,0.9315110100640192,1
0.055206705729166666,0.6117483677812646,2,0.1541610359332085,0.10525267217510441,0.10420082773183713,0.09529559276272959,0.08296271753022559,0.64,0.9087131924099392,1
0.05522298177083333,0.6204897496388142,2,0.15315943490363237,0.10378011611093908,0.08159541960183794,0.07288689868556625,0.0701115183119008,0.628,0.9226534525553386,1
0.054879557291666665,0.6275451330727713,2,0.15150288776125687,0.10151970252123477,0.09428182486566537,0.08669270442199851,0.07525996611745184,0.6234817813765182,0.915041012234158,1
0.055029296875,0.6351681382678941,2,0.15524174696260024,0.15199712168327398,0.10476909133900131,0.10223288365296168,0.09442258734010629,0.6219512195121951,0.9385001288519965,1
0.05518717447916666,0.6309452921473763,2,0.10538619454178995,0.0843449020391867,0.07871030745715583,0.0648315123994497,0.0625,0.6234817813765182,0.9266148037380643,1
0.05518717447916666,0.6309452921473763,2,0.10538619454178995,0.0843449020391867,0.07871030745715583,0.0648315123994497,0.0625,0.6234817813765182,0.9266148037380643,1
0.054541015625,0.6458389546313071,2,0.15322063340164077,0.15098116604398049,0.09585959785018922,0.08574125319821257,0.08082581580163606,0.611336032388664,0.9502496507432726,1
0.05384114583333333,0.6642703668748369,3,0.10677809934626108,0.09375,0.08591420138719791,0.08296271753022559,0.07186141175902405,0.582995951417004,0.9368934631347656,1
0.05359212239583333,0.6862079026342114,3,0.1533021933959198,0.12453036778232046,0.10900831390311475,0.09789184082445278,0.08832645413464757,0.562753036437247,0.9141571044921875,1
0.054007161458333335,0.7107179575051406,3,0.1485976110171358,0.12377524994925278,0.10900831390311475,0.10744911586420802,0.10077822185373186,0.5384615384615384,0.9141655815972223,1
0.053019205729166664,0.7359752377939948,2,0.1524077589888389,0.14684707181282167,0.11554896148386622,0.11503396237633476,0.10651437696386341,0.5121951219512195,0.9347027248806423,1
0.052771809895833334,0.7377079019817524,2,0.14881301186388238,0.11543396380615195,0.10900831390311475,0.10684392823179051,0.07502083044061829,0.5224489795918368,0.931339603000217,1
0.0527197265625,0.7342234110073442,2,0.1524077589888389,0.1214109756158808,0.11876973520219704,0.11267347735824966,0.11025538535599973,0.5183673469387755,0.9214534335666232,1
0.05229654947916667,0.7242420827228672,2,0.14489759314771244,0.12093386622447824,0.1172670563287064,0.11025538535599973,0.10949457749130775,0.5204918032786885,0.9419769287109375,1
0.0526318359375,0.7316725495519957,2,0.14467636296230288,0.11025538535599973,0.10841183053523264,0.10761621625015443,0.10293353438020089,0.5245901639344263,0.9317194620768229,1
0.0526318359375,0.7316725495519957,2,0.14467636296230288,0.11025538535599973,0.10841183053523264,0.10761621625015443,0.10293353438020089,0.5245901639344263,0.9317194620768229,1
0.05306477864583333,0.7235784988237383,3,0.11017741374710154,0.10684392823179051,0.10654371168680017,0.09818668443327741,0.09798756298633006,0.5390946502057613,0.9273587544759114,1
0.0534912109375,0.7125048779430256,3,0.14195619923060776,0.12278665440511033,0.10794240362341391,0.10761621625015443,0.10651437696386341,0.5573770491803278,0.9368254767523871,1
0.052488606770833335,0.6890075846597585,3,0.10933034802834939,0.0993887569094211,0.09451355722857965,0.09287928994129961,0.07005578134601027,0.5573770491803278,0.9146115620930989,1
0.052607421875,0.6933224650893413,2,0.16298006013006622,0.14267533073380276,0.1006618721264412,0.095818839483684,0.07771140521184776,0.5591836734693878,0.9367694430881076,1
0.052638346354166664,0.6751492630787859,3,0.157147422823284,0.14710752869924776,0.10957303500405563,0.09287928994129961,0.08980882473343028,0.56,0.9320409986707899,1
0.05284830729166667,0.6629913221031138,3,0.14710752869924776,0.1106867765363144,0.10701927396501996,0.10174262872562316,0.08669270442199851,0.564,0.9145766364203559,1
0.052646484375,0.6683748321107552,3,0.16137107857357835,0.1068658621824575,0.09615254806816093,0.08591420138719791,0.06578848683470383,0.56,0.899939219156901,1
0.052941080729166666,0.6666598348055994,3,0.1478227401315508,0.10636023693091325,0.09645270861930212,0.09194087774216646,0.08729440130959144,0.564,0.9099104139539931,1
0.052599283854166665,0.6573573084902974,3,0.14904906910142043,0.1240022681244178,0.11014904675030103,0.09058835465996719,0.08715109006776679,0.564,0.9229044596354167,1
0.05272623697916667,0.6678004535147393,3,0.1615549442140351,0.09934944640006808,0.09318161031018941,0.09008676373363626,0.0649639323009314,0.5577689243027888,0.9357893202039931,1
0.05272623697916667,0.6678004535147393,3,0.1615549442140351,0.09934944640006808,0.09318161031018941,0.09008676373363626,0.0649639323009314,0.5577689243027888,0.9357893202039931,1
0.053196614583333336,0.6662725512180205,2,0.1473781276173639,0.09763612292589255,0.09318161031018941,0.09228014412645874,0.08923284148787375,0.556,0.921728006998698,1
0.05333821614583333,0.66216079691257,2,0.12575397608028147,0.09922354811233067,0.0924746586909084,0.09070039966835867,0.08779414843826437,0.568,0.9432304382324219,1
0.05347005208333333,0.6528876346436663,2,0.152530734607816,0.10654371168680017,0.09686491883029687,0.08946018667541444,0.08553142697278002,0.572,0.898923831515842,1
0.05314615885416667,0.6980716606806909,3,0.16512306017028633,0.15004166088123658,0.1215588849076858,0.10527493766324442,0.10241612421879673,0.5447154471544715,0.9101485358344183,1
0.0528857421875,0.7085104991168967,3,0.15297058540778355,0.12311072252245131,0.10192675065948094,0.09882117688026186,0.09451355722857965,0.5469387755102041,0.9197987874348958,1
0.053982747395833336,0.7171708435141739,3,0.15281218047001358,0.14744702438503127,0.11769266119856411,0.1025,0.09255066180206384,0.5785123966942148,0.9036160786946614,1
0.054052734375,0.7226163018408112,3,0.14701721837934495,0.12360471269332736,0.10733271868354029,0.10285001215362106,0.10131942064579721,0.5833333333333334,0.9049512227376302,1
0.05378255208333333,0.7239822970071426,3,0.144016058132418,0.11364693132680706,0.10256857462205468,0.09104428867315072,0.08973049927421556,0.6394849785407726,0.8861788431803386,1
0.052898763020833336,0.7394994311717861,3,0.14467636296230288,0.1389525548523668,0.13694204978749222,0.11256248264852725,0.10119597324004548,0.6801801801801802,0.8686977810329861,1
0.052898763020833336,0.7394994311717861,3,0.14467636296230288,0.1389525548523668,0.13694204978749222,0.11256248264852725,0.10119597324004548,0.6801801801801802,0.8686977810329861,1
0.0531787109375,0.7343237290421181,3,0.13764197215965776,0.11412712210513326,0.09762812094883318,0.09257598230642762,0.085,0.7155963302752294,0.8619099934895833,1
0.053396809895833335,0.7527821757187765,3,0.13884006086140988,0.11427078585535325,0.10152739778010662,0.09003471552684554,0.08591420138719791,0.6880733944954128,0.8558261447482639,1
0.0539306640625,0.7437543489483962,2,0.14429245475768993,0.13880066642491312,0.13777812779973458,0.0982980162566875,0.09503288904374106,0.7096774193548387,0.8878356085883247,1
